id,hform
2861,-0.24031283127049602
12889,-0.6067807988999286
150,-0.787084134089748
11204,-0.5263716893074909
14239,-1.116950781810085
2501,-0.7537633495209614
11637,0.1688908023955425
10384,-0.010831767487327223
9196,-0.4564739184258381
107,-0.7367992119667927
4075,0.371201781761845
5771,-0.8184396343110004
4488,-0.32900268005112804
1090,-1.4619736986039082
6996,-0.37111643122414745
10032,-1.298564346301357
4499,-1.242085607516567
666,-0.8446463661072651
12380,-0.1837492452738682
6282,-0.8916031436798969
5620,-0.984059424865047
12287,-1.2301091270325581
12469,0.331095306408604
9081,0.11054483635445439
5892,-0.20058389173726238
12733,-1.016329558360378
8260,0.25779878927489125
15148,-0.1943977193711201
8296,-1.8784696178315083
1382,-1.0475659685013692
533,-0.978008718955318
1405,-1.146660836207668
9441,-0.7516786770699421
11274,0.08154588027020299
13216,-0.04458346756080783
11626,-0.1391505019543568
14231,-0.7151180820343891
1879,-0.7664820270417133
5010,-1.3620261268494527
9460,-0.6200496272919575
12325,-1.6809850053666036
5142,-0.8454765992043415
4025,-1.3514390306351582
11800,-0.28397837446908153
1715,-0.10565765367726482
9234,-0.32231852577904857
14060,-0.16327986286858714
9482,-0.19559633897523082
14464,-0.46811965273598827
12477,-0.9104408340332905
7942,-0.059041263329784044
11677,-0.22418543862084545
14675,-0.14625717865208782
11914,-0.549412699210445
4170,-0.35327065156678356
7059,-0.32086515592316783
8341,-0.279148639905254
11688,-1.0112712697861592
11288,-0.30495232509354747
14656,0.13106994165201985
9119,-0.13244591819028056
12687,-1.1106114702103536
9647,-0.1009565459368626
11143,-0.29446178840378917
2154,-0.19834140108803905
8036,-0.4928377883313099
12819,-0.46146342323998607
5670,0.048093727064331404
2460,-2.5237409191010394
10114,-1.3925980644104878
10807,-0.14170536564568675
15091,-0.2740764038441578
8632,-0.7738101200936237
9686,-0.49209100173691905
4343,-1.2963686303971211
1998,-0.25622528957108653
15335,-0.08210469202975429
9394,0.2669181509139141
10524,-1.0116812305329244
560,-0.4387572722313801
6137,-1.8713562803147237
316,-0.4753326790211598
371,-0.5955223159668842
12874,-0.4453043060181538
2423,0.003127630074520941
794,-1.9540506915924947
85,-0.9877975897667804
126,-0.23065275119523204
14101,-0.661506684291164
4136,-0.7004274444458881
15189,-0.2600417749760548
3036,-1.6129724101899068
3738,-0.38249248431901134
4537,-0.5029055790779987
10134,-0.8595679120896259
14470,0.27397599650641286
10101,-1.921982200610439
5208,-2.0167335586426653
1821,-0.27224356101731456
14766,-0.4951808767197529
5243,-0.8182940797684589
15095,-0.623330266940395
956,-2.5549539642212786
10759,-0.07766767756919063
13003,-0.14113451706151164
13855,-0.9890922622559467
1571,-1.1104742603180806
12238,-2.3352653102753558
10840,-0.7446202354309955
3331,-0.6045695261834064
13995,-0.5938557700989643
13158,-1.7245834188340108
3873,-0.39799541400651134
7402,-1.8983046131012837
14550,-0.24023990498761333
3596,-1.566601546275417
2563,-0.17441968785504497
1630,-0.5550377683518329
4616,-0.2014109508870045
8110,-0.24475184248665965
4788,-0.20217529104928172
8644,-0.09760014133433498
9641,-0.4787997918007771
6878,-0.7785113172409931
14931,-0.23323413895348705
10368,-0.24275410341004527
6603,-0.8464317636368671
8177,-1.3476345853684346
14497,-0.3524525778172413
991,-0.5408143119690815
3287,-0.529137881266872
15680,-0.9601245837090412
13091,-1.8250140266297261
3794,-1.346169622409145
11142,-0.22490310834626354
14037,-0.8999288992760578
7483,-0.8957313017723957
3975,-0.5791226343987385
7092,-0.3300222175000111
7725,-1.760308297145168
9250,0.1478758139731487
10305,-0.7016388492463032
10716,-0.03503881374279655
11263,-1.6851601915238301
5340,-0.6229214982865253
358,-0.6104982213852802
6264,0.2546515150191387
5839,-1.2061051444886128
10728,-1.2662169055817525
5074,-1.321307094561855
11469,-0.1225298138139645
14946,-0.3255767838833729
15463,0.12854528261442982
15402,-1.0756796913025777
1353,0.27492323352118336
14786,-0.7254514412758747
5200,-0.006316832759405141
1709,-0.01296541260461009
2431,-0.7194869832871357
4189,-0.2751820998070637
8336,-0.5113431529877582
14149,-0.32375362681130565
2653,-0.1993781344769398
6104,-1.0738643722412984
2690,-1.2044158296463887
11120,-0.4462387280342976
1913,-0.07167449759225047
3146,-0.8273967223046222
8375,-0.7274024801133075
14289,-1.5510496215699117
7453,-1.7566030340073506
7809,-0.25087130235413707
3625,-0.9370970444558063
6424,-0.51098707483987
3480,-0.44823941754082836
3295,-0.45376935766915477
860,-0.09935185478905834
12439,0.2982408089758953
15051,-0.30606797503213085
5045,-2.1945573406098284
5681,-0.618283958899776
13580,0.03426501734276616
6353,-0.617523701655666
2508,-0.7397739009735981
1316,-0.4621593968747059
726,-0.12739629464129604
7847,-0.5038789825318256
83,-0.38766005800942577
2906,-0.24639184938649333
631,-0.7109480218766132
2661,-0.7845521287796894
10095,-0.09633993523101009
7811,-0.17283862994889415
13291,-0.4127825217125813
14531,-0.9344112591622272
1426,-0.07467916773537792
3348,-1.5103123502610127
15718,-0.3136427717087666
10909,-0.31233740018586315
15728,-0.33864915536622203
873,-0.11954336034039653
3528,-0.9297878460762897
8027,-1.2776462154267232
9557,-0.057523859458963045
12496,-0.2442740814564625
15308,-0.12797828929404415
7235,-0.03736695812920726
12197,-0.5793000774262348
6820,-0.7800464348671833
12549,-0.8402878956673542
691,-0.24962648915032543
7278,-0.2759349362728993
227,-0.2347245530960957
8135,-1.0928155498383443
14282,-0.6672302203057209
2876,-0.16118095980862773
4301,-1.0356600599167745
7641,1.3734049482466777
3099,-0.06448086144308246
9651,-0.9775441603539387
6056,-1.1769466714737813
13650,-1.2260293083069722
3689,-0.3404257314083973
13672,-0.5928371267197529
7856,-0.3655139522431294
13530,-0.28933197425583995
15219,0.13517595661898457
5015,-0.5908546762345234
4846,-0.6796996908066669
11760,-0.08209216015319026
6303,-0.17409767376164592
374,-0.21086959706525005
8465,-0.5777361111519733
10492,-0.12252052293996013
5778,-1.1899454908249776
4368,-0.6055220680115619
207,-0.24436886774281658
8279,0.01836361756642663
10889,-0.6509561853287616
7234,-0.8652727918503681
9558,-1.661925466525356
13526,-1.0627899484513204
13563,-0.6833089308617512
6955,-0.6375773863671222
8188,-0.8323758559105793
3921,-0.7640605883477131
7380,-2.1417249755738177
2007,-1.9984718875763814
8634,0.011799676549633379
12558,-0.8741505460617939
486,-0.5057366804955402
14756,-0.22926676439026988
9285,-0.9159124212143818
14493,-0.26734090017060436
6260,-0.7424852566597858
3203,-1.6096877174256246
13971,-0.13586075769642986
11276,-1.2816790656922261
13292,-0.34119707511643566
8431,-0.9858476238129535
3142,-0.2231116460440556
13998,-2.0133494453308978
4802,-0.04965876581052936
9217,-0.18536265360097087
7969,-0.2225606011031071
13522,-0.12060025500039256
12275,-0.7817988114235798
13040,-1.8852097110627095
4166,0.42480137778540455
14219,-0.7338683323738971
2515,-0.44315847920159496
15317,-0.1038048283932606
3989,-0.07270679788569606
8940,0.1268709583403667
10749,-1.7293105440018575
5958,-0.298084528910915
4546,-0.6406661586640278
14153,-1.1511053161499898
12346,-0.3551638738987843
8890,-0.4176987426159779
7999,-0.3718628303883473
10623,-0.7917811589119831
13605,0.16173890067358815
9796,-1.5969121770737569
15329,-1.2103408889649312
6519,-1.5009460763810079
2069,-1.4356180744049947
15086,-2.0521205978272357
5985,-0.8256925063012043
3171,-1.6210958080170552
12608,-0.3679080324051777
6428,-0.3323846773980061
14631,-2.491316230761806
4181,-1.0712592916367452
2409,-0.34314170645455516
479,-1.2606114463684956
13967,-0.04112258719185985
9497,-0.27729961441735423
14862,-1.1611196117279927
1621,-1.5632652358887593
10720,-0.8658436851380268
586,-0.7629008607743183
1830,-1.8487396554825704
15352,-0.030215214732090597
3058,-0.052872279453078874
14655,-1.3073368387101094
11940,-0.6177421526787678
13404,-0.4881640093205372
12503,-1.2926913814423482
8837,-0.2159557657120625
13667,-0.789483340251247
12488,-0.8496300892708698
1836,-0.22289979623536266
3564,-0.39985239671448863
15124,-0.42303946779946483
15408,-1.1501355485794942
7841,-0.29041797088364757
1337,0.006819379721780653
15297,-0.11564539538602031
6048,-0.4354635791657368
2643,-0.05909185277203716
1478,0.3176073415400585
3147,-1.6223367767212789
7699,-1.7906295375702779
5509,-0.49552259014825023
1012,-1.8802254514573018
11426,-0.5603934244988361
5999,-0.9159426407692829
8003,-0.48495444821099437
917,-0.23716333674172557
15468,-0.21482139991501964
6068,-1.8625159578202168
12984,-0.4016981141446034
7147,-0.42214515970925487
5205,-0.11008253859261669
2551,0.49649056626578175
2244,-2.011824520098964
12338,-0.8379162268517414
928,-0.2941804842827717
15209,-2.015307815539638
15547,-1.0683465318558614
12224,-0.6344043331025043
10706,-0.11577170507887996
4169,-0.2928861396191517
9374,-0.2585105912564198
1638,-0.9796753840325275
5087,0.569455651772221
10486,0.08621491326113545
13374,-0.1262614371059338
2398,-0.7201906161187092
12707,-0.5438813881752887
5376,-0.9869123415825763
10175,-0.4898262934563557
12515,0.28158113194723927
5029,0.16025566889067494
14368,-0.5565158443329731
10380,-0.526676567065517
12805,-0.24013260172585643
9582,-0.10864608900527156
5382,-0.061503136324683794
12077,-0.5725843624947468
2926,-2.0314992980835833
11299,-1.2891135530350606
14809,-1.9400469379303853
15300,-0.030328720602194433
8656,-0.11859417127350963
9472,-0.15988502072076
8069,-1.0927497463105122
11270,-0.8334890918610492
3190,-0.6389964537499347
7165,-0.06775556670407451
11471,-0.11757955120782054
14529,-0.8208077864525715
4354,-0.20770117806176341
12814,-0.06900772618035472
10188,-0.6688438372490803
3910,-0.31482097672204173
13893,-0.11309489028433956
4455,-0.32920754121522106
9178,-1.199525268542568
3315,-0.37972724603394664
5221,-1.0196327285645406
6018,-1.7527112083313863
11239,-0.5577334480164448
2298,-0.6611398773072162
8578,-0.5763492898819843
2353,-1.5206158475754659
6166,-0.4533982591507832
9707,-0.14486999975423015
15575,-0.0996919961450497
10297,-0.5082502679703632
8848,-1.1970995979187886
13426,-0.09014754163006938
2200,-1.9146160201905171
6947,-0.10399604754428066
2420,-2.6651951389191546
12802,-1.5078243331787984
6505,-0.7411166148064533
6783,-0.5421741323349872
3471,-0.4691985564110676
9313,-0.08153855221251644
8113,-1.0547458248017232
4439,-0.14415189789513744
8822,0.31386244131346547
2314,0.14445608688612782
6,-0.7767987565873066
11348,-0.623869212138454
3177,-0.16607779430131114
13915,-0.5389224009392658
9,-1.2811463193772237
241,-0.22591018842438854
12414,-1.632681401240627
4255,-1.252047570216457
14857,-0.024515019523898725
3969,-0.2566205875752369
14053,-0.5763211564896503
1788,-0.642997892367641
2885,-2.584756048190395
10686,-1.2253413514969747
9682,-0.32341942356805004
10679,-0.5516643242714802
932,0.11261871291418873
6620,0.024613296818931932
15079,-0.9068021492836872
3497,-1.7464551048157613
12589,-0.34160566495637096
7214,-0.3801058547375599
677,-0.057329391854802736
10787,-0.15950611399392284
14430,-1.3708848075745503
9965,-3.164582880008022
12951,-1.7525720910904805
13297,-0.10526053773144878
9642,-0.43874800370911754
13941,0.05248253626843297
11711,-0.5899807529328266
11627,-1.2270473556397359
15272,-0.5690023021576801
8330,-0.059185834395686754
5223,-0.9352853016732136
2075,-0.36403560804108775
13397,-1.988938839900295
3898,-1.3153281526444356
6261,-0.9876393990395466
14335,-2.4396769122956194
5490,-0.2539940194962422
1000,-0.16453731225709117
8,-1.1215665655014913
9624,-0.8771310167191425
2542,-0.6745087818978229
7562,-0.24923798607567943
8503,-1.795077355372707
14054,-0.5488339977143207
9176,-0.1203182356236378
14319,-0.44098326729516185
9066,-0.589552612769405
4673,-0.30167344378213085
5111,-0.44367686079720653
7536,-0.5282554345009723
9738,0.037097612601717345
2046,0.12474912239332997
13038,-1.4830652789948384
7789,-0.26753229068497814
7710,-0.20830828117112316
8443,-0.5648827867386738
2963,-0.1746107207415501
7823,-1.8785218315003316
7167,0.3956780715109905
9990,-0.04939197542051471
9874,0.040209191125830046
4495,0.020999958944519396
13202,-0.1885422186730305
1693,0.031181032043894167
9613,-0.945957036483089
6491,-0.2550979571221272
3995,-0.21211938725690044
14223,-0.9954655485032001
11876,-1.7895386533615987
1130,-0.3757959322808186
359,-1.4707244949219624
12758,-0.4668429212448994
5218,-0.1860267238495747
11935,-0.8321460204003254
4778,-1.4276637153504292
7003,-0.8590165691254535
10211,-1.1821340637085835
9865,-1.2929002361176412
14922,-1.1984798030732076
12570,-0.27202952073792613
6927,-0.28454581068734325
2324,-0.074336485731403
6599,-1.5657469348786275
4607,-0.33644890950898326
6457,-0.17343646453599132
13537,-0.7951394634125629
7574,-1.2238710241196553
1721,-0.433798732030193
3884,-0.16375513540486492
45,-0.3514631705162922
13668,-0.20934878455380596
50,-0.8074578361390033
4321,-0.832858891951839
6043,-0.10823616551140941
9961,-0.8035355524895588
2009,-0.29703647063950694
12078,-0.47154659198502696
13742,-0.22174692319611705
10317,-0.7564474658844867
14315,-1.1435026244995992
8637,-0.8070007281182209
7715,-0.9924917535660663
15503,-1.1412976102707784
10822,-0.10835360901335872
8563,-0.45732206271866954
12247,-0.3143000321267048
2741,-0.35991862581948436
9294,-1.9221586303589742
3868,-0.7292661981461445
13907,-1.2255565242646138
15159,-0.18091510401944316
7503,-1.0455105619309346
8990,-0.1478163020489613
1944,0.08709439469595753
4701,-0.5267430262444416
10026,-0.8874145464775959
14771,-1.8767707662461202
8566,-0.589716346728603
12008,-0.34082767533044017
14912,-0.41257965730408824
13734,-0.5404805259583393
3613,-0.9443369226334491
15605,0.9371742887618145
11596,-0.6503790931580463
8506,-0.43114057348946727
14029,-0.01778505721966422
10724,-1.1591410951493184
5446,-1.6347440795777242
8865,-0.09034450517872966
2624,-0.43689540194253124
4771,-0.28379014300088085
40,-1.2131663875458638
818,-2.4944674091217913
683,-0.3587903098938862
5268,-0.38539409803132213
9666,-0.02899520637373126
14448,-0.4646897332547108
9569,-0.46579069064835704
4710,-0.3975138084767262
11312,-1.276511819827358
8759,-0.8680503682969013
11480,-1.7248151616928975
12726,-0.18042706118802226
6130,0.06838821454068028
6296,-0.9099650697586933
4205,-0.18171577321271098
13785,-1.558454187381069
884,-0.6953828053353229
5920,-0.08426479415873683
5266,-0.31085047291497386
2569,-0.8584071116326252
66,0.24653240872641408
15249,-0.28418663309792674
15628,-1.9317801313279073
14523,0.026333810967405672
3022,0.357593326103886
10793,-2.109917314517299
10061,-0.07091958986500896
14665,-0.2802160994885365
4378,-0.21537870334366954
516,-0.3901461379406849
6115,-0.20363043414334453
7323,0.2574509067656597
5407,-0.5941277460930744
2652,-0.028713036122719412
8905,-0.34882530735711254
14127,-0.7200807647583881
15448,-0.35997098849991954
7801,-0.5353487448571125
12005,-0.452556283938686
8684,-0.2525500075695912
2564,-0.20349456535557903
9701,-1.6570623235581319
5858,-0.44928303526620067
10342,-0.09396130012253917
6140,-0.11819499896744884
15684,-0.2090703712580601
12473,-0.08880552815179027
14474,-0.00010681969950592993
1406,-1.1116367893097798
1294,-1.1859124021408955
7649,-3.0823601798890032
10644,-0.5603839473603168
13862,0.021789608729084368
13371,-0.5549160556672016
12622,-1.2213485555527608
10349,0.09680166674872243
8192,-1.6254830675003926
6167,0.31112775040884816
7842,-1.179875643718044
15056,-1.4758590774414937
8488,0.07554753704090916
5974,-1.2383303956864278
14337,-0.3053683059094349
340,0.21968567205687367
11083,-0.4034084992287556
4909,-0.6456910686371723
9279,0.4186367375971874
916,-1.747144372927944
7535,-0.5341323332665363
7372,-0.7215979413865009
767,-1.8205451087830464
10230,-0.7411980347512165
12337,-0.5792604403374592
4160,-1.7091068343995015
15692,-0.26977554129342235
5371,-0.14526753293255962
1079,-1.1293213682053487
7741,-0.4890754537461201
5849,-0.16451895402650035
4764,-1.0754502134201924
12656,-0.3809769170163075
13098,-1.7161848859665791
15226,-0.3097820894596974
13440,-0.05418895350674785
11437,-0.4058116094944874
1985,-0.01840979771594203
4516,-0.4044562892792622
12729,-1.2264837341187398
7478,-0.7959308342812458
11960,-0.2237226681588093
5598,-1.1710787134049336
10103,-1.4986520128128926
6242,0.15103469623347127
13491,-0.28860950635651744
8399,-1.015999706256191
7436,-1.5688170509217183
9050,-0.3891517238495747
327,-0.4098126010773579
5251,-1.4495617465851705
5931,-0.5309534983513752
2271,-0.22971324788312114
1,-1.1495380716202657
12391,-0.15149054096917308
10582,-0.05031078101972736
1904,0.11725200546999776
12022,-1.8060767965195577
9116,-0.6065360622284809
4674,-0.655688972937862
15604,0.06530560387392842
7211,0.34344562722464406
7012,-0.7280688600418964
6589,-0.3216500298855702
12126,-0.8008849339363971
944,-0.960070224273006
1800,-0.03944986479262508
1675,-0.2734120802758137
9831,-0.426863016354839
5842,-0.14517682956437267
12876,-1.4927342252610127
14445,0.2919073386313518
201,-0.6161715106842914
5464,-0.16777663098553813
8590,-0.7524807171700397
8523,-1.3692349510071675
9487,-0.21918802129010356
4472,-0.5451105551598469
4337,-1.204222829806606
5443,-1.0483053045151631
5075,-0.9587039666054645
1796,-1.0480798797486226
15395,0.19638003243227803
11452,-1.247724683749477
1502,0.5198459906699261
12467,-0.15186917947510875
408,-0.21288182007054485
14795,-0.4929696636078755
13271,-0.12855769859532512
440,-0.6504703478691974
11062,-0.256590844857494
10701,-1.746244462001125
574,-0.4404171721814076
13104,-0.5867455320237079
7795,-0.9611614065049091
7170,-0.6522071676133075
14429,-0.42869579957703746
4880,-0.7659049944756428
4902,-0.25295700298527873
7038,-0.9876362399933735
977,-0.5074706988213459
9870,0.0981236754180988
9848,-1.2987412528870503
13955,-2.097840936648647
14475,0.378323910963734
6960,-0.6405691223023334
10052,-0.18137504326085246
509,-0.33910685943345226
3055,-1.075121553408901
5943,-2.1591965274689593
11049,-0.322874488103191
3999,-2.377849252688686
13309,-0.7838990406868854
13616,-0.7046211676476398
8331,-1.32105365561227
590,-0.4404771940586964
10376,0.0914190245987972
14808,-0.3940480964062611
12370,-1.706422241198818
6502,0.12408111823817097
3016,-0.058995796161691316
8733,-0.5534648017762104
12976,-1.1655710058091084
1457,-0.00582962835113204
1416,-1.1727850751755635
5720,-0.002772658857504492
8115,-0.29841754006127513
4555,-0.3642115907547871
13410,-0.3093302862522999
13853,-0.2241455780146519
13009,-1.6535216884491841
8739,-0.16927418278435863
3056,-1.6326098756668965
11135,-0.19696162806729473
13424,-0.1898830698607365
15225,-0.32421523498276866
11708,-0.37858480380753673
1934,-0.06539418714026607
11669,-0.2597300128815571
10549,-1.0997883396027486
10226,-1.2045785503266255
10024,-1.4485414342759053
14011,-0.06918287442902721
2211,-0.15811494158486522
3557,-0.966609211432735
15568,-0.6546483950493732
6454,-0.7296267466423908
2878,-1.225862176883022
2341,-0.32580024169663585
2608,-0.5357022004006305
4370,-1.2965447025177876
313,-0.4947025792477528
9240,0.09660205079336964
136,-0.1479175405381123
13281,-0.5990259961960712
9916,0.13838231397887074
308,-0.28669199513177074
817,-0.5276711301682392
14628,-1.1661112623093526
9939,-0.34823697971085704
13634,-0.6658829765198627
14040,-0.5526713447449604
14783,-1.7556300477860372
3841,-0.44892949031571544
6197,0.3374662084700664
5412,-0.22703135179261363
1087,-0.21015903519372142
1938,-1.3396936969635884
7230,-0.02001205904314912
12029,-0.9198133664009968
4871,0.1055120883705219
9347,-1.2770148830292622
10511,-1.9640963392136495
10515,-0.5705736594078937
9516,-0.2055448757288853
5528,-0.8508731441376606
1011,-0.9712618903992573
2385,-0.738811166751186
5773,-2.2176546172974505
9529,-0.9119236187813679
10045,-0.1322651224015156
961,-0.7572354988930622
9730,-2.9388856010315814
7013,-0.20820883082131542
10790,-0.6911179141877094
14203,-0.1756250278828541
9783,-0.35785213278512157
942,-1.4196504669068257
11105,-0.027402633595267897
11724,-0.6369199471352497
13932,-1.9748288707611958
11894,-1.271727712619106
15436,-0.12523799555281795
13305,-0.23262795971612132
1784,-0.5493280010102192
1849,-1.4279440955994527
12712,-0.5186309532998005
6594,0.17532066835184895
10205,-0.31329769061783946
2402,-0.4796576218483845
3685,-0.43909764455537
15569,-0.09845834391097225
1299,-0.22362479733208812
1683,-0.9940451698182026
12954,-0.8746292905686298
14942,-0.18735608624200023
1506,-0.32134270833710826
7216,0.3240554614188274
419,-0.02191038409153617
6012,-0.52138164805154
6513,-1.3287527875779073
10240,-1.469455631243984
11678,-0.22819782959202922
11617,-1.2069433050034444
15174,-0.13413612710217632
1450,-0.6579510884163776
13817,-1.0581144409058492
4677,-0.6334044651863971
4819,-0.06750254498700298
4263,0.08286397738476597
7792,-0.15240079330186046
13123,-0.3735312836049
5831,-0.9041269736168781
13732,-0.34426626728753246
9008,-1.4203325824616353
12274,-0.5201778130410114
1430,0.33281248642226063
9155,-0.2703361229775349
6559,-0.5214543061135212
6179,-0.23348464237431682
5097,-0.10333319174031413
2886,-0.6606310920594135
14943,-1.0641546563980977
2261,-0.32626331018189586
14623,-0.10609811710099376
4533,-1.530740769374172
13103,-0.6190981583474079
4505,-3.5627268867371478
4198,-0.29130157994012035
3223,-0.37200388478020824
13540,0.11094839705248677
6556,-1.334706695544521
10050,0.04730249030609929
10552,-0.5685570554612079
13234,-0.0021617955332497406
1207,-0.9639054851410785
9112,-0.9345009045479694
8668,-0.7224258499024311
14375,-0.26033282445649303
6324,-2.0912384109375872
7340,-0.02883791902939475
1875,-1.21605995463113
9025,-0.04670831726769603
1813,-0.33743596242646373
7086,-0.5642067508576313
10414,-0.12901051508168376
281,-0.9870291070816913
15305,-0.05255882607678569
7634,0.3522183282496532
6704,-0.6624864058373371
11992,-0.6708631234047809
12684,-1.4810351447937886
11459,-1.0551488714096944
10224,0.06272482706328236
8887,-0.021560122984449034
14679,-0.22175364361981548
11047,-0.44412800835351146
8618,-1.767936380374233
667,-0.11327433751801647
6788,-0.25352788137177623
10968,-0.22589463161210216
13830,-0.3626985566494862
161,-0.2735540585396687
8651,-1.8545936660645406
10977,-0.09830565916279949
11681,-0.2967803196785847
12832,-1.3679049329636495
11218,-0.29069659279565013
6175,0.22533076835890614
15397,-0.7536295370934406
1167,-0.11537926064709819
8614,-0.36191731857041515
4415,-0.9683800654290119
14537,0.06746309829970204
6956,0.07868368757983052
6647,-0.9731034355042377
13936,-0.036613458561698564
12121,-0.45291471647004283
4825,0.027319645714958544
9895,-1.5738450603363912
2575,-0.3262893574116627
13116,-1.7352999763367574
10844,-1.6169573383210103
9502,-0.11437277661542095
5145,0.011035956648190851
7443,-0.8618960695145527
15726,-0.030140617656509047
3438,-0.5154455022690693
9513,-2.4513961391327777
12972,-1.9809416847107808
403,-0.9708039479134479
14389,-0.7592130617974201
13325,-0.48004219101647533
3426,0.009998982046743269
2121,-0.2283948229430119
7454,-1.330238373744289
12028,-0.0067978299027184295
11693,-1.0035124735711018
4526,-0.024654827806154852
13610,-0.5866821722863117
13362,-1.7092460708496968
978,0.19108134342451893
8085,-0.7346247153160969
7733,-0.19719511436204112
4795,-0.1612844930766026
11852,-0.09779679195861019
14790,0.03443336321135365
1037,-0.7364259676812092
14407,-0.21268375383595622
9646,-1.093796165454189
8538,-1.0611919479248921
11545,-0.4409138874886433
7140,-0.5817084030983845
1833,-1.348543913829128
1296,-1.5559001283524434
10608,-0.7065998034356037
10517,0.09845180643816792
11416,-0.03734519498328365
10762,-0.31301215456704296
10325,-0.42332258986214794
14651,-0.43952331112603343
6329,-0.2642381803868214
39,0.09928844703455769
4067,-0.21225430237034953
8536,-0.3300064222691456
2110,-0.2623603360531727
15146,-0.2863154725907246
1855,-1.5077514963028829
4284,-0.8436362461922565
8643,-0.11382895128707088
14984,-0.014075719545582895
3976,-0.12246629761437572
1877,-0.7175278978226581
9902,-2.101787717807094
9264,-0.2344172017453114
4342,-1.4897722320435445
2540,-0.0655873955963055
3286,-0.43015295432786144
13942,-2.1283439712403216
2035,-0.2147907184241215
10072,-0.4943070726273457
2882,-1.3668787793991963
1052,-0.33317601846436656
9152,0.1257020963551601
1920,-0.07528393136243022
8149,0.33619433475752675
718,-1.1145991401551167
14668,-0.2701431231377522
1880,0.19654588235636555
14748,-0.24659091399888194
12794,-0.558123202788631
9076,-0.1460409180996815
5120,0.3854437155844768
6162,-0.7948507385132709
5870,-1.6880040483353536
234,-0.3843148963330189
10381,-0.44076305793503917
5100,-0.19051537083367504
5478,0.3636386675955852
5617,-1.4529919938919942
9414,-0.6194753961441913
3518,-0.9491679386971393
4116,-1.5739200429795186
6209,-1.7849426584122579
450,-0.3066549019692341
2642,-0.1114473210452
6319,-0.8031618909714618
8976,-0.8467768745301166
1368,0.2841593308569988
1809,-0.166364894974033
8479,-0.7955394701836506
2894,-0.31571155952195323
3070,0.02418668774982297
14207,-0.4487840251801411
1680,-0.5809615568993488
13317,-1.0670163946030538
10700,0.014951659572323198
15522,0.03001774681826436
8482,-0.5693755464432636
6114,0.3178093416812023
5821,-1.4101547317383687
14331,-1.971130879390041
15314,-0.011822725440363054
8362,0.03154035119434201
10987,-1.5579164342759053
8996,-0.2995239810822407
7540,-0.40188300775269664
15045,-0.6025997714875141
5403,-1.0460777597306172
9437,-0.23201918767670787
4409,-0.764264138209621
2228,-0.46235212849358714
7603,-1.2338199930069844
8854,-0.1293839083788792
3924,-1.9964539127228658
7938,-0.7565111236451069
12528,-0.8530765490410724
7409,-0.18652844594697154
11903,-1.4007697419999043
5235,-0.09343707727173961
15264,-1.294355066287319
7102,-1.2964494542954366
2304,-0.8819918947098652
185,-0.34190768169144786
14889,-0.5334666685936847
7302,-0.7998840527413288
8217,-0.17503594027737773
7224,-0.30702084468583263
2646,-0.16795684562901653
5998,-0.7730819897530475
14964,-0.8045918660042682
13824,-0.47612470554093517
4080,-0.49726376103142894
13730,-1.008513601290981
10755,-0.3888910727379719
14960,-0.21282464431504405
11799,-0.1208740936396519
7458,-1.0396474914429585
4567,-0.9255419688103595
1979,0.6695476455809674
10155,-0.1942422555563847
11455,-0.5225491242287555
6729,-0.5258969383118549
6565,-0.12034572081545986
733,-0.9097580628273884
15641,-0.1662416325686375
2429,-1.130404503810207
7720,-0.5176354961274067
5940,-1.9819926338074605
4294,-1.0906509475586812
10391,0.2531154139163097
6887,-0.6169231252549091
13257,-0.6226041631577411
12430,-0.08719159083346523
9355,-0.9864191727517048
12209,-0.09364873336533702
4953,-0.15625289248208202
14167,-1.0050628499863545
7052,-1.5001951770661275
3829,-0.4587281958935658
14689,-0.21896618770341075
6273,-0.49641147421578563
1801,-0.22774648832062877
1829,-1.6406811790345113
1815,-0.529378564822475
8943,-0.6023468093750873
5292,-1.4773131923554341
1230,-1.2917594032166402
10417,-0.24451868401745952
7100,0.42846688462515675
3620,-0.8796941952584186
15143,-0.9388101415512958
9418,-0.22397560046891368
7600,-0.6958070115921894
4782,-0.5918985323784748
10938,-0.29958519505242504
11418,-0.3018545226929585
7430,-0.907512338626186
9614,-0.18060535358170665
4124,-0.12203766571263469
13169,-1.1464160995362203
7297,-0.21510118411759532
13330,-1.3190327005265157
1038,-0.10391541736106075
3815,-2.3736018257019915
4822,-0.18280778990964092
6763,0.20777684284468495
8258,0.2813148779990276
1674,-1.185546071994106
6688,-0.2612365798828999
10350,-0.20063336359242595
1658,-0.10854657160023845
9570,-0.15748252140263713
3342,-1.0934553460953633
470,-0.08585388379077113
13204,-0.15346993671635784
8731,-0.1930208222744862
8471,-0.696509809958736
11182,-0.20322911607007182
9579,-0.0343402901468674
1736,-0.44251275228242076
12983,-0.8136889057038227
12672,-0.42352894114236034
2785,-0.40613243149499095
12581,-0.6955789642212787
2012,-2.5372513847229876
6992,-0.45844629572610057
2068,-1.018825085627834
8602,0.13025377525111043
4620,-0.2746550755379597
7947,-0.4123845713017384
9208,-2.342897088992397
658,-0.198072196709911
8182,-0.15982864962796367
9678,-1.3063267783997456
3189,-1.0326191501496236
6236,-0.005265308338204985
1874,-1.3350543098328511
13075,-1.0364907102463643
12597,-1.6483675556061665
13888,-1.0806132869599263
2665,-0.734978945719997
5789,-0.15621292756776012
8881,-0.7219278530953327
5219,-1.6862653808472554
14525,-0.04360792206505931
8946,-0.18687497245053447
12838,-0.06003065200428165
13275,-0.44099825786332286
5997,-0.13665177093724407
4115,-1.069081695544521
10259,-0.5951165871498981
8029,-0.4062882380364338
13638,-0.4616811292050282
14178,-0.34427958892563976
14816,-0.32658302949647106
6224,-0.4117271916745106
9380,-1.1358309106705586
14041,-0.36975133584717906
11683,-0.7192563729164997
9891,-0.09705049710253871
9401,-0.5188479738114277
6666,-0.5845603661415973
4551,-1.8037031011460225
11419,-0.29821407960633434
7434,-2.2059380130646624
4165,-0.7433207349656025
15380,-0.8818278031227985
15598,-0.350448848473827
10993,-2.9590109901307025
10693,-0.6639590577958027
9164,-1.4344444589493672
4924,-0.42490264939049877
7867,-2.086594732272426
6178,-0.05121793018559612
716,-1.5983541326401631
7079,0.638060240280827
3551,-0.47894472049454845
10940,-1.13890090750436
8412,-0.6035965995667377
3925,-0.14839929507950939
7300,-0.17259930239895976
3470,0.4716302437903484
4253,-0.6754142956612507
14321,-1.514948041903774
10365,-0.8675329403756061
12817,-0.9307774619934955
10318,-0.745124311911861
1510,-0.2996869997857014
4850,-0.198561938273708
14802,-1.234614880549709
15170,0.23819939626475178
15381,-0.1013501154063145
6967,-0.9072119908211628
2775,-2.081974895465175
12193,-0.11169771270732082
9918,-0.23683610724190868
9365,-0.3574498014328877
13903,0.1771520657660564
14404,-0.2183426635144154
3217,-0.43072110580186046
8911,-0.48537814782838024
3441,-0.34662705825547374
8935,-0.2545674757836262
12677,-0.01582602577189601
13687,-0.41250118778924144
901,-1.0128360109208028
5196,0.35648706389685475
5320,-0.5981890277741352
12901,0.22929906679411732
9706,-0.49753478335122264
1762,-0.34732288287858165
15363,-0.9158375577805439
10276,-0.11524040417651332
6815,-0.13471681045273937
4074,-0.031135057824651365
6482,-0.8755338506577411
11074,-1.1406444625733296
15286,-1.608951719271938
1252,-0.47228995131234325
11870,0.05298561437149846
3367,-0.06361721249202884
14840,-1.5580658035157124
4522,-0.47217682169655956
12293,-0.4091681556580464
13681,-0.07724161611775554
4325,-1.3590623454926412
2771,-0.20845164524296916
4216,-0.3193391280053059
5554,-3.3383075313446917
12775,-1.1034424619553487
4565,-0.2018413262246052
832,-0.808096678721706
13608,-0.4351256804345051
8345,-0.44979125426987804
1359,-0.873841615187923
6642,-0.6501314954636493
13715,-0.6171619610665241
14999,-0.3737919645188252
6118,0.43728551102896535
1439,-0.1508997695324818
500,-0.5612875537751117
4970,-1.4884727315781514
12981,-0.5738729553101459
7295,-0.39768490360955394
2125,-0.09309885071496166
14328,-0.21949781643132366
10159,-1.7672281579850118
1629,-1.369804056155483
12756,-1.4616347865937154
4668,-1.3201934413788716
6084,-0.29144036935547984
8090,-0.0408742109117905
8604,-0.9277628974793354
6373,-0.8779000954506794
4715,-1.7387255744812886
6989,0.2000138743044933
7083,-0.7561310248253742
10485,-0.439407588708202
5368,-0.32998547123650707
3764,-0.10683826522807277
7014,-1.10808077620248
13024,-1.5800171213028829
14160,-1.330260189044277
607,-0.22333866523484386
7439,-1.016544254290859
5911,-0.03592856394032634
5404,-0.6786080913422504
10718,-0.019726086202065115
8819,-0.39922243522385753
591,-0.8247715549347797
7489,-1.340438158976833
8723,-0.7193225936768451
1607,-0.9624978618500629
6609,-0.4893026070473591
11569,-0.2248373197195927
6458,-1.244579823481838
12556,-0.6478193120835224
2560,-0.18580600784997142
284,0.039636289906700484
1914,-0.3958580212471882
7931,-0.8931413011429706
15557,-0.14438578652123607
4291,-0.18889086114148296
1827,-1.0071350650666158
4654,-0.501793058383266
11623,-0.32017728852013744
3517,-0.8256181793091694
1986,-0.2615399675248066
9609,-0.22817047106007732
9974,-0.9487778262970844
27,-0.5596316175339618
4861,-0.35884058641175426
4088,-0.3504084961293141
3337,-1.1632463054535787
1767,-0.9285815672753254
3376,-0.47920534180382884
3172,-0.32626795934418834
1328,0.5604499263884625
14505,-1.1978811340210835
6142,-0.17481842802743114
3173,-0.46852246092538036
497,-0.5640878395913044
4039,-1.826574714648525
12298,-0.7808655218956867
13550,-0.5875058488724628
14865,-0.4304342584488789
12364,-0.44289276169518627
12569,-0.31902605460862316
11233,-0.8883177356598774
6850,-0.5434707717774311
14517,-0.4116688089249531
9615,-0.5854688005326191
900,-0.04133787916878856
14880,-0.7964597062943378
14870,-0.6519427018044391
11882,-0.21668410466889537
1677,-0.18862392173985637
5117,-0.7345194535134235
14428,-0.4765741841671864
10902,-0.2063412682888905
9200,-1.786798627841274
13635,-1.15880099104623
5534,-0.6853598074791828
9202,-0.07637766914347804
3545,-0.7504104690430561
8804,-0.4017564372895161
9003,-0.29464006589631236
1220,-0.3893255607960621
8487,-0.28632992671708263
4950,-0.900517971980373
1124,-1.6629982309220235
12151,-1.087011964785854
9458,-1.0093777494309346
14740,-1.9946980790970723
10287,-0.22947222160081066
59,-0.6255621628640095
7940,0.004610236939986582
5046,-1.3493173436997334
15028,-0.3945217745182911
10087,-0.026409849318663244
14742,-0.24800397621373332
2757,-0.006654999944368963
7398,0.12580607665797078
8228,0.06750140173455083
14568,0.11706401987095677
5461,0.3870273513915142
14002,-1.0790984945176045
7915,-0.528414221274654
15220,-0.3892660753605763
1624,-1.9988644437668721
286,-0.16162653433064617
14541,-0.307069839703838
1334,-0.5782695727227131
11213,-0.29154646562318004
5110,-0.3160904662487904
4492,-0.16273372040967143
6586,0.6995742602469525
10303,0.15955850316305958
4577,-0.4202796237347523
11553,-0.38188624547700084
9390,-0.29424241350869335
11015,-1.7318733053086202
3759,-0.08599934892634548
14465,0.5980971140982708
11408,-0.8732235150216022
14450,-0.28903168605546153
3845,-0.849117608535091
9967,-1.162050993907253
1529,-0.7349065260765949
976,-0.7315001802323261
1888,-0.40196365283707775
9722,-0.12089407609681285
9306,0.018440114540060396
522,-1.0279741601822774
13307,-0.978535743224422
12127,-0.7964229898331562
13700,0.04802940992732846
918,-1.2945605831025044
12074,-0.5032205002186695
7495,-0.0859830694077412
8657,-0.6681133823273578
14627,-0.27343791888932384
7685,-0.48716044591645397
6685,-0.6427969055054584
1131,-2.646317155825893
10195,-0.9844227747795978
1971,-0.1544422523854176
15711,-0.4772968308804432
2585,0.17640168799181782
13102,-0.3695618526814381
13020,-0.13807280527333415
2208,-0.2962304966328541
15507,-1.1182200031159322
9637,-0.975789161193172
702,-0.4023578779576222
1161,-0.3272608535168568
11325,-0.10599754171351589
14293,-0.18671949373463786
3827,-0.6462164835808674
1876,-0.544421883094112
11538,-1.1490023450730245
15211,-0.9944795088646808
97,-0.9035433249352375
9843,-0.22840555177907146
11502,-0.3341447131512562
11399,-0.390823604333202
778,0.043975593728025786
11953,-0.4937229173062245
15243,-0.8148399309990803
9838,-0.5835422592041889
2904,-2.164359958636562
5614,-1.008733065593044
9514,-0.18338485227803386
3122,-0.30059558318833507
3980,0.12495621873160206
5090,-0.515420885550777
8218,0.1594591571213802
8195,-0.8889201598046222
12930,-0.5697330551026264
6566,-1.5336668805954854
1184,-0.29129451678971446
10626,-0.2728509025452534
14871,-1.256756337153713
2139,-0.42828142808655895
10493,-0.28612595962266124
4247,-0.14678153561333812
11076,-0.9793234186051288
14549,-0.5923664884446064
12624,-0.24562651084641612
10614,-2.045792730319301
6645,0.08110796494503819
14213,-2.3139278011200823
10983,-0.032976368236343034
4686,-0.605462344157497
2759,-1.0054619626877705
2633,-0.23864834176282085
14744,-0.8292101936219135
10918,-0.2849414365170399
9859,-0.6615856008408466
6530,-1.296523364054958
4104,-0.49546227024773754
12082,0.08963498307486378
14069,-0.12220686839799083
2050,0.0473538024546703
14032,-0.38337767289857066
1743,-0.2192477600453297
1937,0.3363512141825756
5906,-0.016312697696487074
6716,-0.3154779689190785
49,-0.316895963418285
11363,-0.20544327961186565
1869,-0.5279690937874714
7544,-0.14208078550080455
12638,0.11515775902291142
10441,-0.004657087641755705
10926,0.2992829663874706
10064,-0.25895556973199046
2379,-0.5421156005738178
10534,-1.415550144183437
13621,-0.1114310787794987
12946,-1.234702976214687
12262,-0.8227407650826374
10219,-0.353121788966457
5705,-2.3068527297852435
1932,-0.16465872691849864
5327,-1.9104928092835347
13845,-0.43980208204964794
2388,-0.058721421080629
8293,-0.16082759367207683
760,-0.6306736783860126
5643,-0.28321367667893566
11719,-1.4958389119980733
15616,0.10627806020994984
4433,-2.342465789782802
8435,-1.2146259860871236
3460,-1.0717084722397725
11377,-0.05496172027568019
1437,-1.9299689845917622
13920,-0.4220620112297932
5470,-0.31142673062066234
12056,-0.4596009867070118
6864,-0.4644206778881947
8076,-0.24360461698750652
14584,-0.05000280754546321
7935,-0.202090831267635
3597,-1.0469477491257588
9447,0.04775747863670193
4598,-0.940151544081966
8035,-0.263669462668697
13870,-0.3365630822060505
3387,-0.2067616896508137
638,-0.9462778286812702
15699,-0.40311268137673534
5381,-0.7604973034737507
7345,-0.21269864009598888
10439,0.040838318151434294
1270,-0.48149651454667247
4282,-1.1162820176957051
12164,-1.0297282056687276
695,-2.108498962390224
12642,-0.1956399695752064
9680,-0.2582449035523335
12157,-0.07420899884680904
11021,-1.0326267795441548
14879,-0.8607859926102558
10377,-0.5354676561234394
303,-2.232235820758144
4344,-1.0241324024079244
4893,0.12385418845434987
15420,-0.11643940376023448
13406,-0.9583601670144001
13827,-0.74452617930154
6984,-0.2768734710095326
8147,-0.9183976964829365
11174,-0.7010948972580829
6061,-0.46381327675561107
1237,-0.6857817487595478
12089,-0.5010529773114124
12651,-1.0888203697083394
5018,-0.9928853230355182
10609,-1.0036677436707417
11224,-0.3743882493851582
15125,-0.20273548530320323
3566,-0.11807196753005184
10208,-0.23114787207822002
6684,-0.17248623238782085
11891,-1.0504210309861104
14791,-1.3556106405136983
13662,-0.788360567557613
8278,-0.839124293792049
10426,-0.2598930017826954
11127,0.21245553923865163
2589,-1.9204448776123921
2951,0.04938458858152234
9062,-0.2855743484375874
11701,-0.6200188116906086
15426,-0.2786245064614216
352,-1.179150374400417
7082,-1.015607984530727
14462,-0.24733543561677135
15438,-1.6790569143174092
14725,-1.5646881179688374
5128,-0.3369002954838673
1444,-0.11402464078644908
8748,-1.2973138408539693
9607,-0.5341277437088886
11804,-0.7601886110184589
10369,-0.08713604675511516
12288,-1.4752720908997456
3538,-0.6302350478051105
14732,-0.304148377644817
15186,0.5452743454100689
14180,-0.8234632329819599
10677,-0.671842070090572
2998,0.10820405764599644
12703,-0.5311987118599811
4036,-1.7709971980927388
2273,-0.21527676449994243
13194,0.007244911250670786
10084,-0.36004072593430675
9473,-0.0973263921020428
13344,-1.2936086969254414
14075,-0.1452876793024937
12059,-1.0086976604340474
8816,-0.8026286082146564
3790,-0.7160767631409565
2546,0.1925082786204418
3503,-0.8641725497124592
1572,-0.974793763625423
15042,-0.2956559674618641
8527,-1.8845956640122334
8912,-1.1938286142228047
9215,-1.2614951448319356
6641,-0.19457058774212993
8364,-2.2016772346375384
1121,-0.25495469735840953
8379,-0.4320163445351521
15707,-1.5610827522156636
783,-2.1672422008393206
11854,-0.12503001259545482
1550,-0.16200387643555797
13979,-0.521678061950008
5713,0.2432638241173824
3657,-0.9128946976540485
13250,-1.1166242675660054
13738,-0.3714563267109791
3141,-0.11903597580174602
5845,-0.38545361326913036
15242,-0.4658240394471089
6546,-1.0350550727723042
1569,-1.050027878749172
13858,-0.09073719547967113
8978,-1.1988146619675557
14793,-1.8719013051865498
7039,-0.5561357455132404
11189,-2.2743205146668353
8564,-1.3995513038514058
3987,-0.4409873204110066
6643,-0.5815502123711506
7636,-0.020417241173783903
12098,-0.15460847483853496
14196,-1.2126297073243062
13997,-1.0812237577317159
14944,-1.1750413493988912
5814,-0.8567624406693378
2607,-0.023366126957337027
15191,-0.37793344424943126
14619,0.32526925040503346
7498,-0.39824170039872325
13224,-1.7332752065537373
4401,-0.5891474799988666
409,-0.5260843949196735
14826,-0.32894793318490184
12470,-0.11404115127305187
15712,-0.39190879629830516
968,-1.8186101035950581
6279,-0.3637702481625477
8476,-0.9384205059883991
2268,-0.7214857058403888
2386,-0.02559732066373027
13436,0.11371997578163945
11947,-0.5515718774674335
13823,-1.5568124370453755
4338,-0.366959394681255
9845,-0.3598148839352528
9214,-0.9227943138955036
1074,-0.5043419318077961
105,-0.8558658676026264
751,-0.023418325724999075
6809,-0.5006558911679188
12728,0.13210494650622212
14420,-1.7613803462860982
4197,-0.24038583205918468
1421,-0.8094139413712421
3180,-0.44926852153519786
2070,-1.8738681392548482
10131,-0.31761980222443736
5454,-0.3874870853302876
4177,-0.2779124693749348
7797,-0.5119694189904133
3607,-0.3361380414841572
5751,-0.752043576705257
6150,-0.9761789159653583
10294,-1.0248380021927754
15633,-1.7957271652100484
14749,-0.0068967591775456714
8473,-1.61935368345956
1010,0.45743319226523244
4295,-0.8009706454155842
9030,-0.7761398868439594
15196,-0.27542177008370555
13631,-0.20142176913003124
12200,-0.5546999888298908
5073,0.037884796244104735
3238,-1.8607482032654683
12398,-0.5890966372368732
4167,-1.1342674808381001
12329,-0.028979938271443014
11594,0.011378685218294497
9643,-2.0927647666809954
15717,-0.19658911393860973
1376,-0.9111926274178425
13162,-1.0351722555039327
13334,-1.0654433088181416
3356,-0.2419436590550343
13288,-0.7050806598542133
2395,-0.22590840028504527
6186,-0.298734159934322
8448,-0.21729540990571178
12795,-1.0314088182328145
9605,-0.2879838065979878
2270,-2.5371436195252337
519,-0.4456658975956837
2265,-0.27657371925095714
12362,-1.8075173215744893
1745,-0.9922713951943317
13892,0.07001398338099324
10456,-0.2756158428070942
8591,-1.0672467069504659
7763,-0.7805195169327656
13598,-0.023730555343429213
10974,-2.6197609023926653
1347,0.00881914628763997
7016,-0.736054749953548
4208,-1.1733723001358907
11161,-0.11976755576113857
10753,0.15664563907404744
3682,0.0889822004558643
13479,-0.055918728726903566
8948,-0.9885945038674274
1287,-1.2468064145920674
3704,-1.015288503634731
6653,-0.5934436635849872
7493,-0.5162483768341938
949,-0.23560138212422527
6415,-0.1540922390101353
13651,-1.1095159368393819
1945,0.10376605970879399
7800,-0.563783557879726
5058,0.03636684848090016
15060,-0.2535368816731373
12522,-0.54841622875909
6412,-0.39622125195244945
11973,-0.8209964947579304
6232,0.03989402784128987
2659,-1.0903430299637715
6790,-0.15682859884480632
1128,-1.2804397659180562
9467,-1.967927606570522
13836,-2.0425397472260394
1148,-1.784105928408901
4092,-1.028138788211147
11497,-1.111731203067104
273,-0.23275865780095256
10639,-0.11207956241349376
2550,-1.163921864497463
1427,0.08884600384255253
15702,-1.1666471080658833
12662,-0.39105507897118724
2565,0.055323554408748976
9123,-1.0814351158020894
5824,0.13354797495623433
6875,-0.8294743018029133
1378,-1.0535720901368062
11241,-0.11336534636000789
15223,-0.4789654629109303
9408,-2.134009035098354
11900,-1.1990963535187642
13739,-1.343076498973171
3053,-0.20644289420823253
86,-0.8284172730324665
9858,-0.5230535583374897
7469,0.125510065090855
10583,-0.8588272647736469
9101,-0.5434679703591266
7488,-0.8306529240487018
9409,-0.9897969083664814
8457,-0.49769243763665355
7110,-0.13810922371129192
12199,-0.40240109132508434
7564,-0.15650694237927593
5909,-0.6169154958603779
9419,-1.102028758990566
3262,-0.17702754007558025
620,-0.3205898420689503
11559,-0.5629998164055744
4481,-0.675259502398769
7111,-0.5409491376755634
10181,-0.8653720335839191
5631,-0.3308878259537617
527,-1.1531189994690816
4262,-0.035181699114839204
8836,-0.17060706185082591
7804,-0.4345971660492817
6975,-0.6638977842209736
11483,-1.2852338867066304
1926,0.03897719664593541
10976,0.1921052022101482
14659,-1.7354597167847554
5019,-1.249341638552944
3666,-0.5521533803818622
13999,-1.2160772399781148
709,-0.6997893171189228
737,-0.426018209922115
1319,-0.6611164526818195
12278,-0.7974087314484516
14762,-0.6993106322167316
10956,-0.3360047953007618
12450,-0.1746831552861134
13013,-0.09803860055188335
9070,-1.0713979320404927
1018,-1.1772051172135274
93,-0.1574043499110142
1046,-0.3661986009953419
15446,-1.5108235196946065
10744,-0.24949120150784648
15502,-0.4453382508633534
4724,-0.9792648868439594
14105,0.06955338103791081
14807,0.03849581090827786
5815,-1.2521184997437398
6176,-0.34764692352990306
15073,-2.0940379218933978
8797,-0.6888920383332172
1234,-0.4821741895554463
14905,-1.6733757572052876
11544,-1.5079185085175435
10169,-0.31083473728875316
330,-1.4696086959717671
15573,-0.05560877339820064
12999,-0.29749205874184764
5851,-0.0914084108350674
2378,0.07909308208247029
2654,0.01389301030059659
12782,-0.6675196604607502
5386,-0.7633769826767841
9653,-1.0309746580002705
5921,-0.9519701914666095
11759,-0.04214005337933696
12582,-0.3724712149975697
4761,-0.4047614650605122
2832,-0.23820954726914562
4678,0.18687029017229878
7392,-0.25221537219266094
6470,-0.2916858212826649
2640,-0.23082666264752544
578,-2.16008535193185
9854,-0.14980784224251903
14598,-0.21407386826256908
1600,-0.17054572867135204
11124,-0.14070171283463634
9220,-2.257504852282802
5605,-0.7437706308243671
8152,-1.2002235965607564
5466,-0.12697383182028926
2309,-0.8307892994759479
3078,-0.34254449771622814
9925,-1.1392926292298238
8611,-0.9318153576729694
673,-1.0564931945679585
12796,-0.3558906929371754
7387,-0.9652836041329304
637,-0.23171752856949962
14165,-1.4554908590195577
4419,-1.1115054206726949
13176,-0.29808014796952403
13683,-0.40132999585847057
6262,-0.5335105376122394
10467,-0.22297924922684825
13308,-1.6307064609406392
6945,-0.04843867363313831
2082,-0.1291315125105778
8309,-0.03428299890736736
13265,-1.1140021400330464
2784,-0.6147447543023029
6786,-0.295523972976009
4182,-0.5490690188286701
2045,-0.9963952021477619
2149,-0.9145236329911152
6198,-1.8726959543106954
1546,-0.7183640317795673
7670,-1.3485217409012715
14112,-0.7440202550766865
6825,-0.9119308309433857
14530,-0.31969818638543285
4151,0.4606579823615154
14812,-0.40049621628503
6350,-0.12823336737136043
7426,-0.5111008005021015
1882,0.18907677961607777
15516,-0.7083962278244892
912,-0.10895707623938716
6378,-0.5339502410767475
12137,-0.23233145641068614
1609,-0.9040465073464313
8121,-0.6143850998757282
5188,-1.3192479925034444
552,-0.001358934937963848
11770,-0.5292957143662372
14606,-0.6603617982743183
13770,-0.9008183197853962
11884,-0.031984960454503664
859,0.38870468570013844
11401,-0.2088412361023823
6377,-1.2534104900238912
6188,-0.1900322751877705
7266,-0.8333006219742695
12873,-0.1988407240984837
12808,-0.05868794562200702
5776,-0.9161813573716083
8464,-1.1152775602219502
12741,-0.7395957426903644
10321,-0.017120254951516752
14499,-0.9394164399979511
12402,-0.1780480311987797
5792,-1.7521474676011006
849,0.08530710471888386
2494,-0.4091228263256947
4751,0.05548701269646489
6202,-0.6771689371941486
3176,-1.1770358400223653
10960,-0.2761204259274403
2295,0.11936404390354954
12722,-1.131826909053127
24,-0.3818642811654011
12280,-0.6560062484620014
711,-1.167051108348171
15185,-0.14301440285424388
8771,0.32806289030333363
8158,-2.0080877857087054
1672,-1.4584027843354146
11772,-0.4986083226082722
8773,0.09163256568928563
3573,-0.000658221337000494
1172,-1.5473064498780171
10730,-0.7186953739998737
6015,-0.08427622334937251
10469,-0.12157635556439556
3644,0.011575890910824175
5426,-1.094235094058315
5571,-0.3176129178879658
1808,-0.06891068981866039
5135,-1.1305343227265279
13670,-0.6993304805634418
3029,-1.3051028566239278
6259,-0.7140149192688862
1441,-0.5804074721215168
11186,-2.2108301238892474
6857,-0.9571913199303547
1106,-0.6254704909203449
9621,-1.6883652524826924
12341,-1.4309057311890523
2478,0.16590230001231038
5334,-0.08472073988894618
13219,-0.42930540608147777
4203,0.371241985094746
146,-0.6805426792977253
4892,0.18174397779723012
7682,-1.0989075021622579
1084,-0.20210288630704082
1387,0.021251028609474535
10734,-0.4257814602730671
1919,0.7155301852347454
13808,-2.1999289111969866
10676,-0.4945584850190083
1655,-0.12381313906888164
11773,-0.07928840981702007
11970,0.4050022049071392
12731,-1.642031701075832
2517,-0.2942827658532063
14271,0.06012168360968434
1436,-0.6392208652375141
8270,-0.08202938156108058
10962,-0.7925601320145527
3800,-0.21789810227135814
290,-0.9379381255982319
12231,-0.15036843882779277
7833,-1.179202111232082
3289,-0.32644742892960704
14494,-0.1134096400616566
11566,-1.4108190851090352
8704,0.19840426577349507
4775,-1.2736898975251119
13430,-0.2720871882317463
8638,-0.5166670398590961
1173,-0.8503525571701923
10526,-0.12664367424229778
2753,-0.08350569920519985
8662,-0.1726079152701298
12354,-1.1930799798844258
12365,-1.6172542886612813
1062,-0.7861341552613178
8238,-0.14504398571232952
8068,-0.9980221109269062
14387,-1.1735742406723897
14498,-0.07108663188199199
9036,-0.03515284674147762
2504,-0.18836970792988933
3272,0.1658351553799709
10514,-0.4683671014187733
4219,-0.03029084557572997
2875,-0.044281823354760774
4493,-0.006496129351655607
10014,-0.8495121912835041
1682,-0.07814477549771465
12632,0.002013541963895197
10510,-1.3365135507462422
12605,-1.066287906634609
14423,-1.4531872587082784
10923,-0.6245854215500751
5361,-0.4787908213017384
15011,-1.2045857028839986
10507,-1.2005013542054097
2614,-1.0993191318390767
14353,-0.28172660039643443
10798,-0.7177515940545002
4184,-0.07452702687958873
4048,-0.23502189086655773
3492,0.47032534910460316
15659,-0.09789978133420146
9568,0.09245239032526814
1226,-0.6816414909241596
11684,-0.44689762757996715
7703,-0.6167977170823017
644,-0.44676074551324046
15127,-1.475112231242458
4735,-1.8452085571167867
6177,-0.3036840872643391
13205,-0.21098819540719188
5175,-0.1317601667521397
7736,-0.6418120579598346
1017,-0.2308744804737965
11725,-0.2531506435749928
3485,-1.6994399146912496
1479,0.06422999335547291
1843,-1.729093583094875
4147,0.3449670655848583
9287,-0.09697240756730235
1744,0.2738896591784557
1622,-1.180437715518276
12650,-0.26309845017174877
2935,-0.0935368777988354
10293,-0.15050026940087474
616,-1.214406164157192
973,-0.1436266617653767
7977,-0.08041147308329738
3780,-1.5716861801026265
11287,-0.051096616107026704
8129,-0.48056486414651073
3837,-1.0736526565430562
5545,-2.949193151461879
14302,-0.7278322892067829
4365,-1.4777733402131001
13422,-0.443376870620052
13048,-0.6746511773941913
12252,-0.5518653111336628
13056,-0.05890856848935283
14451,0.25560298396368825
14787,-1.938435943591396
7053,-0.288006575572292
9552,-0.7164058403847614
14996,-1.8363476114151875
14934,-0.11921004371623195
1641,-0.4489163176892201
2293,-0.45326033400277294
864,-0.013307070153752928
8486,-0.14153054522256053
1140,-0.30887916849831737
1410,-1.5368138866303365
5581,-1.2259501533387105
3696,-0.04112858490924037
7471,-0.02617783265093959
11796,0.4081095738532146
5070,-0.18328601287583507
5328,-1.179729969966213
11051,-1.0707000808594624
7006,-0.8262141065476337
8674,0.13209280205984913
6689,-0.8859927372811237
5423,-1.324170978534023
6000,-1.0703925208924214
5749,-0.6199068145630756
15441,-0.7032519893525043
7558,-0.012186779900441532
5676,0.3439771516444286
9311,-1.99494019316415
2376,-0.6273355202553669
1781,-0.7544249014733234
13577,-0.48974433706978954
13088,0.23250815106650197
15583,0.27005866004248463
827,-1.649844201075832
4258,-0.38054105805138744
5903,-0.23498508499840892
10979,-0.15928660498837627
12225,-0.5030106322644153
8173,0.014021648299892778
5104,-0.18188835846165813
10642,-0.3475072698471943
12992,-1.1377570943711202
11486,-0.17471312152127422
12646,-0.0771857740161816
2529,-0.11568747626523174
787,-0.1996891068098942
5986,-0.40683946179131664
6407,-0.48952341245392955
11842,-1.8786466436264913
10356,0.2833733542086681
13093,-0.577638538348476
12083,-0.061657951938907274
14296,-0.09764556752423442
8645,-0.1855524943945805
13053,-1.5465517358658711
2521,-0.5413487272141376
10990,0.053351128679712645
10400,-2.0367023067353167
10059,0.017689701375563974
3174,-0.6535312251923481
7936,-0.9127731637833515
12266,-1.009655507075588
15025,-1.8644153194306294
452,-1.396021039950649
4465,-0.04523281173686183
8186,-0.661893339621822
15497,-0.6330607848046222
6898,-1.4671132879136006
1597,-1.631123693454067
1832,-2.5906492786286273
9277,0.028768642080028887
13615,-0.7977768497345844
8370,-1.1494019346115987
5874,-0.048778055029908785
7902,-0.8608245568154255
10316,-0.10558106170872844
5352,-0.24249629842023052
8053,-1.2306396083710591
1983,-0.3620685057518879
3073,-1.4838277416108052
558,-0.6405200676796833
10957,-0.8402798490403095
12550,-2.5738956050751605
13453,-0.014153770896593695
9897,-0.2937918321965138
12887,-0.05661580877284206
4977,-0.8530258850930134
7467,-1.0013889984963338
3033,0.1723111702324947
4753,0.00667901916523778
9089,-2.356099517810146
7584,-0.5393492298005024
2456,-0.6930336670754352
2390,-0.6282006220696369
3527,0.1616513265492519
6337,-0.27179476784447826
11873,-0.015182320754031305
11514,-0.38131848143319286
2162,-0.9835854487297931
5753,-0.3488718883870045
10413,0.09360783381481969
2648,0.081784179640015
5644,-0.7255922870514789
4938,-1.2325648383973042
3715,0.587644128334721
14233,-0.10820074545125163
14157,-0.45194032953957713
9636,-0.7946260886071125
4542,-0.8258851485131183
6160,-1.6356168107865254
15210,-1.31404259966592
7347,-1.893250020015041
9548,-0.8218849019883075
6823,-0.5509546713707844
6356,-0.5146668271897236
6320,-1.0430341081498067
12719,-0.6810587959168354
1303,-0.2237142042992512
12759,-1.0795851068375508
13729,-0.13200029896477855
5611,-0.2981575446007649
13525,0.06321526898165547
14532,-0.03315005617121852
12301,-0.36530667709092296
10643,-0.9016428308365741
12653,-0.7229035811303058
10991,0.17867451740523183
649,-0.5268169956086078
7890,-1.7135056571839253
1662,-0.11733895705918468
1894,-0.5438207106469074
3830,-1.4188121871827046
9026,-1.1215451078293721
8489,-0.36778342889527477
5886,-0.4198722259877125
13429,-0.17044088410119212
11012,-0.8487724976418415
3427,-0.07612174915055431
5577,-0.1680211143372456
8738,0.05902089012881123
12637,-0.45476266907433666
13423,-0.011543196885834103
14664,0.519850520622929
3944,-0.37627053426484264
9413,-0.06718194650391734
9803,-0.9086290316460529
2266,-0.21971506046036876
13964,-1.8361426906464497
13542,-0.21836862133721507
14594,-0.8634723739502826
13764,-0.8795093016503254
12613,-0.635488720404903
12226,-0.40653085874299205
9045,-0.9612124280808368
4553,-1.3854490833161275
975,-0.23632009493092693
8620,-0.1135603057024876
15591,-0.4425472335694233
5321,-0.368376197087566
10339,-0.14216487275342143
9386,-1.0651158408997456
5159,-2.0188345031617083
2083,-0.2111208455441395
1264,-0.7231605963585773
1952,-0.4064874367592732
8753,-0.391070665585796
14366,-1.0335870103714864
5508,-0.6430550532219806
8390,-0.7979260401604572
12686,-0.27542784975747264
6449,-1.154358180033962
1963,-0.21165585683564342
11291,-2.3223036842224993
6393,-0.8247987942574421
3603,-0.297656358945171
4918,-0.22619018124322093
763,-0.17903250621537364
1812,-0.9216905550835529
15134,-0.30615443156937755
11345,-2.3156508521912493
9512,-0.30677670406083263
4461,-0.34316009448746837
11618,-1.0603336410401265
12600,-0.5766892747757831
12132,-1.2133052663681905
11079,-0.9667143540261188
7862,-1.4005685167191426
14553,-0.019029263201157217
14939,-0.9295465664742389
2272,-0.41232365535477794
6854,-0.7906923012612262
3333,-0.5006077604172626
1903,-0.38050615953187145
6595,0.05299551619311177
4750,-0.08282531963566936
6777,-1.1339142637131612
10054,-0.17695042656640209
3716,-0.9260731654045978
3213,-0.4098813252327839
4140,-0.6843210773346821
627,-1.596538217532436
13413,-1.255384595858852
13033,-0.29673487113694347
15193,-0.3365536944744984
5112,-0.5458137707589069
2465,-0.3826159255383412
8122,-0.5054689364312092
4228,-0.2063298689005772
4770,-2.1005820350525775
1432,-0.6207292990563312
2413,-1.422523053157131
2191,-0.2819177524922291
4569,-1.4638848619339864
14626,-0.6457207517502704
10662,-0.15282713042477764
5728,-0.2577505724308888
8307,-1.0642353610871236
15427,-1.308605702388088
1822,-0.5303699092743793
1799,-0.13693404363373912
2114,-1.2950698451874654
1785,0.04715975208302342
15618,-0.2804863767502705
3825,-2.0409390048859515
6781,0.012654809487064714
9032,0.04624923525472485
10299,0.12620481683035695
11522,-0.18653166459778941
12319,-1.0673603134034078
13877,-0.5576569752571979
14063,0.10332145376225316
7243,-2.0225740985749163
11907,-0.1809053586600224
12883,-0.22197273539284862
4480,-0.614044161307613
981,-0.8852827267525593
4851,0.03564585952182614
3881,-0.11290811167935527
10668,-0.399125845896999
489,-0.19345550404767192
6890,-0.03914957659224666
1070,-1.204917581546108
5080,-0.2902241663811604
11392,-0.33465758131722606
6008,-1.4214715080140035
8560,-0.3070691542504231
9349,-0.22336054013947643
7397,-1.5862622575638692
2851,-0.8637151436684528
9717,-0.5928377823708454
4348,-0.35040196942071117
7748,-0.8982645587799946
6539,0.05060310123582684
11927,-0.2566066400883595
8847,0.5746347589613995
7527,-0.9282324032662311
9626,-0.6043742613671222
4518,-2.908892543780605
8096,-1.381179125773708
9291,0.09697083963175618
13157,-1.6586389856217305
12971,-0.2789002375481526
2138,-0.20172040330151714
4803,-0.0223896315125624
4736,-0.0974140630839268
2587,-0.25229406522492565
2340,-0.032483340966502794
749,-0.626088233458797
2655,0.2110304517867168
3199,-0.12384377585629619
14114,-0.12587712870816387
1442,0.12411089075823628
6623,-0.39547354148606456
3229,-1.946698816287319
3616,-1.5907404737351338
9784,-0.37402913140038646
642,-0.022578857633272772
3149,-0.22344204949120677
11642,-0.15502646731118358
872,-0.18761353360394634
575,-1.033724577891628
15003,-1.997684629428188
15088,-0.5555145459053913
7350,-0.9036358313439289
2937,-1.58615055845956
11604,-0.5022995488522449
7376,-1.0441538410065572
7088,-1.7587313966629903
14052,-0.13906872438172496
7919,-1.2871054725525777
1452,-2.012500436770717
4279,-1.3218307809708516
14004,-0.7902856783745685
8349,-0.07791385220269359
14087,-1.1466675119278829
43,-0.8253228978989521
3210,-1.3188443498490254
621,-1.3427533225891988
7349,-0.9195897297737995
8322,-0.6581443266747394
7782,0.23871534897108876
13978,-1.3188377933381001
15691,-0.8247465805886188
5245,-1.9052683429596822
11934,-0.993997009265224
10775,-0.35747364329079784
9366,-0.08146871792058147
2957,-0.16017718778828777
735,-0.46320706771592296
6213,-1.3598938302872579
15092,-0.1776045726416508
6306,-0.4853273050663868
9537,-0.45296123789529
15024,-0.4014864282486836
1460,-1.8339412526963155
12350,-0.3760112540600697
7505,-0.566031249034206
4946,-0.6845555024025837
7534,-1.6352253274796407
9075,-1.343444021212856
13336,-0.3424280600426594
12327,-0.7524973468659321
2672,-0.346364797818462
11589,-0.06422820480446018
8183,-0.9197996573326984
4095,-0.01685318702737487
1267,-0.907384963500301
11969,-0.19435255395154155
1186,-0.23655674027184642
9712,-1.2647447900650899
5518,-0.1023952157972256
8421,-0.5129769163010517
7160,-0.028973663019935255
3922,-0.6842002587197223
7768,0.27626752687712514
10395,-0.3143353776810566
174,-0.3531916158078114
595,-0.2339461164353291
1720,-0.2236049787877003
6269,0.1100141463996967
10010,-2.042520196902553
15248,-0.7778172807572284
7022,-0.7686260657189289
10086,-1.084454091059963
2891,-1.4843472556946675
12888,-0.5981799082634845
2888,-0.2852657453892628
15373,-0.8942398743508259
2673,-0.5059174017784992
11540,-1.064808996188442
13647,-0.7972429709313312
2018,-1.8288983421204488
4765,-0.6204011158821979
10314,-0.2854980544922749
2415,-0.2630387263176838
14143,-0.06250918449739612
6600,-3.0075298862336077
15240,0.1632060690047344
8010,-0.11547141687850154
7048,-0.12621545957307018
8343,0.3535354716898998
3839,-1.8204552249787251
7287,-0.16447293924073375
3810,-1.147956402766506
10794,0.20962019099016987
10566,-0.3490300791142384
14177,-0.4509234444973866
12020,-1.7441447095749776
2094,-0.7785929756043354
11067,-1.433638604152004
11625,-0.5584839897034565
13677,-0.716728361117641
13199,-0.05419278683046497
5172,-0.3424781875489155
9381,-0.5269656495926777
10185,-0.911597700583736
8886,0.15569184554835164
4383,-0.45740726755837596
14600,-1.167474897372524
187,-1.4609166698334615
11619,-0.5135018544075886
15258,-0.6064811663506428
2976,-1.328212292659084
4038,-0.9493053870079914
7315,-2.518253715503017
14406,-0.9588587002633014
7285,-1.1998682336686055
4549,-0.8882813768265644
14126,-0.0492505596754948
10555,-1.2823957519410054
7579,-2.111499698626796
13055,-0.3325079994080464
9914,-0.6834982352135578
902,0.04000200165530049
4193,-0.2100493924496571
1283,-0.6568601446030536
11531,0.04695126621147
11990,-0.040650522130529054
315,-0.32776332067231334
8565,-0.3819812850830952
4398,-1.1980729417679707
3461,-0.5636807994721332
12831,-0.29052600430230296
8975,-1.1089260892746846
6240,-0.15990671681145824
11237,-1.524007232653896
10535,-1.988660486209194
5544,-0.12316844778041042
12810,-0.018113430383602743
248,-0.3853497819779316
15515,0.10911980105658375
10047,-0.09928745197037853
5199,-0.30563485788087047
3963,-0.3559030907032887
5942,-0.8224298672554889
12302,-1.4761854724762837
15533,0.14089208675642811
12949,-0.975087018477718
9910,-0.18324472175816692
12778,-0.5029495971081653
10398,-1.195224674212734
9937,-0.17167820202092327
8384,-0.057200079577962526
137,-0.19475655423382915
11562,-0.8175322728035846
6019,-1.4869070367691914
686,-0.7295701222298542
3843,-2.497609527575771
1586,-0.1431431935904423
6425,-0.4527260677693287
10942,-1.5481216029999654
1096,-0.11823982166031993
7696,-0.8757709579346576
11202,-0.22719097303132213
6052,-1.0468567924378316
4312,-1.3164303617356221
9099,-0.08142612295130885
9056,-1.5352688150284688
3296,-0.7396616058228412
6116,-0.022314678671757345
10177,-0.09343625770787395
2219,-1.2006112651703755
12153,-0.20602554248551525
13813,-1.1942158059952657
14635,-0.1495889739869038
9885,-0.21406941281537212
7884,0.27782368494292103
11430,-0.35984569953660167
7802,0.17953553630133473
12822,-1.171192200648586
8175,-0.26193180845956004
3565,0.029606709462602968
10913,-1.1267091350434224
15640,-1.5541054324982564
5656,-2.3481315688965716
3496,-0.5110094265816608
2932,0.21587267352362477
15132,-0.30312040613869823
2543,-0.6384725885270038
8420,-1.07969680594186
13356,-0.5678296403763691
7709,-0.1579018251774708
9090,-2.0626129226563372
3970,-0.5939575152275959
7245,0.5810526294829449
8453,-0.5937602238533893
5625,0.33502930237074696
4980,-1.1572320775864522
4163,-0.45062712000588573
12119,-0.8270086364624897
11636,-0.2900541143296162
5420,-0.7298171238778034
1363,-0.6197904066918293
9982,0.040400652420719496
10497,-0.8845026211617389
2987,-1.16270461844186
14326,-1.0901352481720845
5934,-0.15051907466630138
11302,-0.14413055943230785
12824,-1.2465832548020284
15451,-0.5454351024506489
15514,-0.792586834895412
11470,-1.1957817392228047
3417,-0.13036984370927013
7301,-1.9112478809235494
13442,-0.07842369543294109
7177,0.460478691590031
14313,-0.09068003462533153
7949,-0.8995974974511066
3161,-1.3845684842942159
6952,-1.896211297976772
1097,-0.18496580587605632
4081,-0.3511767105935017
6381,-0.5222433524010578
6746,-2.383248956668178
12176,-1.383696706759731
5246,-1.1754417734024922
12358,-0.6230681257126728
14929,-0.2895786778805653
4711,-1.5968765334961812
5782,0.017153412309487696
987,-0.3114452080605427
6902,-0.03994450511316455
11541,-2.4633065776703753
1200,-0.8710792975304523
6473,-0.5164236740944782
14753,-0.07038642631749309
4983,-2.0130673961518206
6897,-1.7152721004364888
10620,-0.4136945621846119
7918,-0.34563666747788585
1290,-0.23471185730675853
14569,-0.05532628463486827
7197,-0.4791195111153523
10076,-0.1126333864210049
13140,-0.21709545122365154
13153,-0.09164063053111232
2562,-0.5314629392502704
15682,-0.2445250617144505
4545,-0.747811706530849
6423,-2.17009249495248
8676,-0.24993546472767986
1231,-0.33458006547669566
1787,-0.5537293867943683
7623,-0.8604668693421283
6958,-0.4226212816117207
13604,-1.2967182712433736
9929,-0.1974337266562382
8340,0.4319702072264751
6889,-1.6590022163269917
7152,0.019176947158773775
12980,0.25870144201536976
5225,0.37755048109312855
14932,-0.48941755460480846
675,-0.7914945201752582
12163,-0.1244645060775677
8081,-0.8158076124070087
10396,-1.14683810042123
776,-1.048478873240749
12685,-0.4584517495510975
5207,-0.34052667187432445
1885,-0.5318385081170002
2848,-0.8386122898934284
11150,-0.5122670845864216
12547,0.4488905353667339
9945,-1.2332501726029317
5035,-0.3273858742592732
10684,-0.09784948991517223
3954,-1.012399943339626
7420,-0.33592531250695384
15213,-0.6339000182030597
10170,-0.336753757464687
15423,-0.4626349525330464
3134,-0.5277068929551044
2118,-1.5724894122956197
1853,-1.0364522056458394
4361,-1.1123833970902364
3277,-0.23044255541543163
6582,0.10101844949742161
14466,0.09033673090954625
6785,-1.492727549540798
8451,-3.020887763964931
6497,-0.18112027810792125
6837,-0.6970366554139057
7937,-1.0907081680176656
5696,-1.2263864593384664
3942,-1.5630857066986958
8089,-1.0362440662262837
1764,0.1499563588025173
6561,-0.7892939166901508
10750,-1.4978756027100484
9139,-1.293700607287685
13707,-0.26673543618897594
15657,-0.9989390687821308
2669,-1.2058399038193623
3510,-2.3792029933808245
5294,-0.06263847814778484
8172,0.5022998137595257
278,-1.038925798404018
2078,0.4037693722369274
6426,-0.4050009565232197
4099,-0.42642641233185924
8118,0.10612863881607854
7705,-1.2128674106476705
14158,-0.4279274361012379
14564,-0.23962506817559398
9946,-0.08342968093136943
3431,0.21911793781538808
8830,0.020956749302347536
4478,-0.02525484355072177
3602,0.5032240433814129
13251,-0.3001498000500599
5898,-0.19229190217236675
15001,0.1907624287726482
8083,-0.22785240577439464
4570,-1.274984868037502
14992,-0.4832238273499409
2469,-0.556437583434383
14936,-0.9820146875260273
11212,-1.3040271119950215
3683,-0.1082066314099232
7546,-0.5567644553063312
7442,-1.1069491224167745
2973,0.18022531105299794
1603,-0.06306632028798259
15162,-1.221129806506435
6046,-2.2198895530579486
298,-0.010701386052171354
12002,-1.990330965983669
7860,-0.5661123709557453
3707,-2.060197027194301
10005,-0.2204161749957005
4849,-0.37579456137398876
15413,-0.16231051253060497
6181,0.06538227779885136
7047,-0.4009077565548817
2812,-0.5239150838730732
9138,-1.6639404611466329
12147,-1.1572481708405415
9572,-0.5114322619316974
1027,-0.945767851340572
12387,0.07516929341574513
10907,-0.3762533681271473
3407,-1.2186051921723287
10605,-1.8444660024521748
14062,-1.7326993064759175
8281,-1.9622133092759053
14309,-0.3960673825619618
12264,-0.28529450463036693
7364,-0.9461554007409015
11296,-1.5693443136094014
14434,-0.3220212774155537
3932,-0.7942698912499347
5573,-0.07825745062808193
8612,-0.1003597395298878
3494,-0.9318206624863544
15289,-1.8489717559693257
9484,-0.31293928788880504
4150,-0.28393861817101634
9927,-0.41340744661072887
5689,-0.8760571198342243
1791,-0.9138961748955646
13626,-0.25781899856309093
11862,-2.2533268051026263
12423,0.5700695796134075
1098,-0.4321357326386372
2322,-0.024534789639512663
6480,-0.2965432422039906
3748,-0.13519057797173656
463,-1.5497894601700704
5123,-0.1469687836049
13227,-0.09574300961474574
6549,-1.4541458206055562
13558,-1.1958159522889058
11029,-0.466765941846172
6082,0.4806484861495098
8450,-0.9135498123047748
8077,-0.4821592883942524
20,-0.3215031342385212
8582,-0.2746771292565266
3235,-0.31853535937050975
1239,-1.6335591392395894
9378,-0.3945731537220875
4594,-0.6613876538155475
10767,0.01742946377118432
12868,-2.1974755840180316
237,-2.317617567050258
13388,-0.3113904313919941
2087,-0.10370735244731105
1324,-0.5700176076767841
11243,-0.7706893401024738
14746,-0.5020093636391559
3481,-1.3618024902222554
6380,-0.40304163264016307
13521,-0.09003339873532451
12799,-0.27001214193085826
4996,-2.7410246448395648
13883,-0.1852564828274647
6468,-0.5056915597794452
12793,-1.040895135867397
11822,-0.7963937835572162
2175,-0.8638645725129047
566,-0.268340648877422
4448,-0.4087844209549824
2435,-0.33454275296906627
14805,-0.6391312794564167
12633,-0.8784650878785053
4874,-1.997217329013149
5240,0.0498550368668636
1109,-0.5819597558854023
10029,-1.2098466472504537
5489,-0.07856351302842296
5818,-0.07593154327849544
8190,-1.1112679557679097
8813,-1.943891675936977
7730,-0.5010094957230488
7018,-0.6086244301674762
13272,-1.2876748161194722
3888,-0.9083991365311542
9107,-0.5205418782112995
1451,-0.6652818040726581
4649,-0.8332365469811359
5648,-1.9963270740387837
8993,-0.10042286829928554
9153,-0.27309593723992504
8091,-1.4827459173081319
15538,-0.38038772510270275
1753,-0.5317256765244404
12595,-0.9195890145180622
11136,-0.9409973935959736
4438,-0.1089635209916035
11307,-0.34644347594956554
8802,-1.712585719096462
9690,0.007514425759216185
4882,-0.538954468238155
3178,-2.122255237567226
436,-0.09779800640324748
4223,-0.4540332870362202
13110,-0.8338958935616413
14020,-0.7261419014809528
5293,-0.163454117047588
2941,-0.9616774635193744
9421,0.21094269884844624
10372,-0.14421366320828594
10729,-0.2315511571047703
8231,0.1418117864253124
12763,-0.4144498722432057
9834,-0.15553160177449382
9113,-0.2747633473751942
9785,-0.3176809267876545
11018,-2.5535198764679827
9767,-0.5232410149453083
2100,-0.3530194179890553
13750,-0.5205060558197895
5514,-0.9561498479721943
3382,-1.3284088687775533
1841,-0.5119092779038349
7066,-0.30148786472062267
9470,-0.6100745515702167
7958,-0.9724109487412372
8551,-0.5994922237275043
12455,-0.32339319752434886
10624,-0.3348042981503407
5533,-0.21973951326588786
4886,0.01865680350085103
7528,-1.2019625024674336
8997,-1.1876468973038594
9584,-1.9375300722000997
12401,0.09931786192675435
4316,-0.8670461492417255
14573,-0.6375977711556354
15556,-0.3273841159222523
12360,-2.2622062282441058
15521,-0.7896458821175495
5220,0.013710599598487253
14361,-1.8514318780777852
12105,-0.16145876215676463
7863,-1.2159847335694234
6216,-1.7478000240204732
8167,-0.24884042309502757
7561,-1.1125860528824727
14291,0.07074327601214253
5258,-0.01335825471113122
10186,-1.0284550504563252
14031,-1.3914037065384786
4870,-0.7197423295853534
14708,-0.4360923783657948
11968,-0.601723285186092
14250,-0.22987067865113414
1423,-0.7531168179390827
5212,-0.9630258993981281
15203,-0.618529172408382
10632,-0.5608253197548786
1646,-1.0075859145996968
5654,-0.5915462093232075
14585,-1.0017524676201741
6285,-0.20403319762925304
13748,-0.5881364660141865
2481,-1.622151525485317
504,-0.3604884760258595
13407,-1.6260925845978658
6953,-0.18727518783787883
1847,-0.5611588077423969
1331,-0.6828812675354877
7850,-0.14959001706818736
11154,-0.09994877295474208
14671,-0.7818844036934772
7176,-0.1979205922959248
15008,-2.4400402622101702
15016,0.05501664264221989
10359,-0.9557681398270527
3570,-0.4711512045739094
2444,-0.18947820531109966
13887,-1.1649829463837544
3457,-0.6321859674332538
13480,-0.7796986417649189
3679,-1.2652987556336324
645,-0.27031007574776805
4633,-0.5847200469849506
4894,-1.09346154497842
3425,-1.0791023092148702
13171,-0.8278830962059894
4901,-0.4379156248448292
9252,-0.8165605978844562
3806,-0.39456463025788463
1092,-1.0338260249970357
9000,-0.08504787253121532
9872,0.013823313844402666
8728,-0.4324535446045796
12619,-1.0583715753434102
2927,-0.26218998597840465
31,0.06484511328955495
14538,0.13207025660296284
12296,-0.8295435027954975
11715,-0.4804046468613545
2683,-0.6235465721962848
12001,-0.29441392587403453
7894,-0.4946841614125172
13187,-0.0007072687419006872
7742,0.007359257173736925
960,-0.9168802814362446
4824,-0.1413387672779957
11706,-0.83363750742654
982,-0.7988620715020099
13816,-0.24212725626210369
15303,-1.1177040653107564
6861,-0.9462752060769001
9608,-0.8931373672364155
13246,-0.2515326754925648
9121,-0.3298497216580311
10418,-2.3536662177918353
1936,-0.15574613379220165
13276,-0.0031410865755627203
10484,-0.2177996353981892
11160,-0.08055984394530452
12865,-0.05062031166533626
2952,-0.1794223354933659
2996,-0.1472131626484791
4884,0.03641184626241528
2584,-0.01737685946653283
8631,-0.4825551526425282
6573,0.14538952542563283
13130,-0.27728068994263805
9183,-0.9048794822571674
10,-0.7045589403984943
2916,-0.56450829075555
11658,-1.0624859647629659
11729,-0.8346016125557819
11534,-0.24923622773865856
8577,-0.5853623466370502
8467,-0.2906947450516621
13851,-0.12720516489724315
6714,-1.0856589393494527
10427,-0.4462839381573597
11526,-0.9997724609253803
3474,-0.9597464518425861
7336,-0.1307891921875874
8945,-1.5679225044129292
11755,-0.25040699707249797
11394,0.06179920418282353
2327,-0.017252150717178946
14433,-0.2506566958306233
15273,-1.1899799423096578
12914,-0.3682619051812092
1989,-0.6150087432740131
2104,-1.9124557094452779
475,0.06781626327057683
5107,-0.13568882809857524
713,-0.7179673032639423
9622,-1.6224009113190572
13847,-0.5804034786103168
14985,-0.2665652351258198
1561,0.543550757897099
1077,0.056573616546591154
5121,-0.16265379058102764
8174,0.1625288261296352
930,0.23589147461672627
14435,-0.12035156952122844
2835,-0.9749641137001911
11550,-0.9986487941620746
140,-0.26939749883393443
12336,-1.423855693805019
7818,0.07002536786814534
13050,-0.504355611073772
5324,-0.3460447208760182
4172,-0.09249022768716014
693,-0.22064298557023204
12133,-0.2197910116789738
102,-1.8037635402558247
14577,-1.2982863502381246
14275,-0.20668889747838176
13182,-0.16014647649506725
6057,-1.1607535199997823
1302,-0.11118438260535396
5267,-1.4560404138443868
5873,-0.4382556395409504
13501,-1.317008645999233
5331,-0.4476391689656178
2746,-0.3017600195286671
4070,-0.5528603510735431
7598,-0.1483588384268681
8367,-0.47411784695367015
1865,-1.2128457145569722
8725,-0.3247176723359028
13417,0.11605730487128102
4961,-0.31081783937195934
8772,-0.46035906838158763
10338,0.1537070853831371
8730,0.011573272031744356
7445,-0.24251510368565715
11173,-0.15377342866639293
3248,-0.3536220209477345
7576,0.27963948084135853
2229,-0.38902947472314037
466,-0.17274977432469524
11784,-1.4489167051194112
3930,-2.1942121105072894
12113,-0.7510507421372333
5132,0.15899999274035298
7984,-0.14925681220273174
15250,-0.17672167884091533
13044,-0.5820784883377949
6029,-0.43403539227227367
13210,-1.4479400234101216
5550,0.13801590932627522
1394,-0.1805042641041676
15722,-0.1242467628596226
8327,0.23643988205214345
3435,0.2606711669089397
11252,-1.6452471332428853
1780,-0.726390512454311
6247,-0.5406732277748981
1352,0.1833604706646999
6340,-0.47699815200547374
10559,-0.7380501346466938
13977,-2.0488671378968157
5259,-0.07314478026608623
6591,-0.3339872972844044
12048,0.02558795383294427
3500,-1.0696800069687764
12553,0.1258263720395168
13900,0.004111878779729242
9659,-0.8176764564392963
324,-2.875997694003383
14838,-0.6429071144936481
3132,-1.3724248723862569
12282,-0.7053183631775776
11185,0.14298672808428609
307,0.4348046763064464
6013,-0.24129152463654674
9358,-0.9370556192276874
12606,-1.3507066087601582
7751,-0.03380747118870414
9210,-1.2198987321732442
7982,-0.12592363523224986
11734,-0.8987675027726093
6141,-0.5944640951035419
6742,-0.37866974042634166
11053,-0.5535752491829792
4286,-0.30233806537369884
10722,-0.46054503487328685
11099,-1.1710771636841695
4241,-1.7888417558548848
8066,-0.424925805794994
6474,-1.0921775417206685
9507,-0.3081384615776936
13705,-0.1497045026896397
2960,-0.07075320349911846
11440,0.5304813070418438
11044,0.2477915568472942
14372,-0.7799414710877338
5707,-0.1947528140423695
9315,-0.005879515576163893
14394,-0.2567615823624531
9574,-0.2338087724326054
6735,-0.2911036329148213
13752,-2.421262176501552
9589,-1.169258983599941
4557,-1.1617744283554952
6738,-0.877124519812862
143,-0.03234124349335826
1361,-0.11420895324925578
4396,-0.5285360531685749
15472,-1.2834608869431416
13708,-0.7205484228012958
4390,-0.4676720218537251
6779,-0.5700862722275654
13229,-0.2649674134133259
7273,-0.35575202273110546
1537,0.02716241611262166
11180,-1.36453989313821
14306,-0.522340686785976
5526,-0.30037236379365123
5229,-0.39635613726357616
9103,-0.01620405891815818
12931,0.022294732016523714
662,-0.03961167650202907
15105,-0.5862515883324543
3788,-0.5705004649041095
429,0.06111518127938115
310,-0.678495676982204
6744,-0.5070552544472614
1581,-1.1004743890641133
3198,-0.3851740376828114
2689,-0.751181931960384
11304,0.1450451893927654
10000,-0.3106675164578358
1653,-0.3228050188897053
10551,-0.7809439020035663
2177,-0.8268386440155903
8998,-0.10260076241473354
6606,-0.12223355637768901
4897,-0.3221382515309254
11966,-0.296859593856136
14690,-1.635039480197231
9362,-1.201702626216213
13049,-0.4579610841153065
1696,-0.6662224249718586
6918,-0.2823619263050953
15474,-0.48415333198289073
10761,-0.1999102549431721
9980,-0.17593051658848918
2718,-1.4205718355057637
10280,-1.0697497444031636
3860,-0.6955101208565632
10258,-0.6828765587685505
11176,-0.49633902477006114
4084,-1.1617092208741109
7881,-0.355296762454311
15526,-0.07268506454209483
5516,-0.21402253376225627
300,0.038838351351221434
4476,-0.551469059455196
9346,-1.9679271297333638
14071,-0.24995429979542888
7714,0.11204726828356587
11727,-1.521402390467922
4539,-0.36625802682618297
12815,-0.5593698935387531
3896,-0.4299560801861683
5182,-0.3359971361039082
15187,-0.31691870259026683
2089,-0.15894924269894756
2312,-0.2571276144860188
15294,-1.6407903747437398
1962,-0.6962816433785358
10158,-0.35565102266053356
3743,-0.2022511528609196
8042,-0.016428855973283415
15527,-0.7245134429810444
3719,-0.5896442847130695
11663,-1.0110512094376485
14565,-0.2992367462990681
4276,-0.3087993876812855
5888,-0.7578596787331501
6050,-0.9220839457390705
5765,-0.7227393107293049
1393,-1.047383697497646
7911,-0.8515265302536884
584,-1.0112605409500997
12320,0.7966642661215863
4230,-0.9619698839066425
11420,0.46914997531195485
7866,-0.6954954581139484
4015,-1.8176307992813985
14706,-0.5746301131127277
12844,-0.10758334563950694
10966,-0.09506996886710323
4024,-0.0161882636872927
13909,-0.303331168162624
10289,0.0774765892150005
2369,-2.002114089000026
14899,-0.7722987251160541
14866,-0.2602078931210438
13507,-0.6595950441239277
15322,0.0895281417491039
12854,-0.032818835022846826
1151,-0.595993133055965
12823,-1.3773509578583638
4404,-0.03055710511187709
4905,-0.7683452086327472
15062,-0.5485887842057148
3755,-0.9220227913735309
11654,-0.5926559285996357
13584,0.23365959359427296
10717,-0.9218239502785602
14710,-0.30237531827668346
13636,-0.48122188614586986
6941,-0.29742643402794994
2354,0.1288240982415279
3350,-0.8202773051140705
8126,-1.9734444932816426
2533,-0.18971976803521312
5822,-1.2653206901429097
2258,-0.45030901001671947
12529,-0.7100656943200031
14065,-0.9383784251091877
7951,-0.7092641906617084
9969,-0.9316224770424762
15228,-0.17196208404282726
15537,-0.030864452737371092
6151,-1.2757221774933736
10795,-0.37191176580170787
15541,0.048975756597717635
12583,-0.21691066192368663
4605,-1.7678329067109029
6172,-0.02981840612272418
4215,-1.9545098857758443
11100,0.017113406416972513
9097,-0.07452137933949626
5901,0.020611390677293177
12995,-0.30981969999055065
9009,-0.20819465981702007
7193,-0.21797771917561687
15236,-0.00041944606135285376
7683,-0.57906648682336
4719,-0.1584591882107655
242,-0.3414294736264149
10841,-1.0347643213150899
14341,-0.5259707288620868
3192,-2.617375524508754
15484,-2.3741411285279193
264,-0.5922265367386738
3863,-0.7685921506760517
1095,-0.30011150406579173
8770,0.00971952566971385
9726,-0.31043556498269237
908,-0.41575026677827037
10015,-1.2754899577973287
8112,-0.9339897351143757
6436,-1.208873184191982
12035,-0.24190502034405864
10998,-0.3781665580151478
14641,-0.7413762526390949
4090,-1.8000104741928975
162,-0.498773576485912
5392,-0.3781840817807118
15115,0.4109705371977886
2123,-0.47720834778527416
910,-0.046953273731271394
13134,0.02817249877472722
7773,-0.036180691587726244
12604,-1.095776350962917
755,-0.8143784122345844
6646,-1.1241804675934712
7648,-0.4461089389202992
10562,-0.5186623053429523
12263,-0.807082684504787
3421,0.03920047937055432
12580,-0.8478336648819843
2135,-1.3939440564988057
2325,-0.09991423206309474
14357,-1.4079752282975118
4217,-1.270612390506069
11886,-0.8421379642365375
15184,-0.12635699080208934
13586,-0.1631210909960667
8793,-0.8310264067528644
9465,-0.5068371610520283
5850,-0.32108503745774425
7491,-0.10175013707856334
9304,-1.2379345016358296
11977,0.11204189641495549
11509,-0.022343860733310347
10925,0.19516585601588093
176,-0.3418787436364094
7263,-0.46521377729157604
13493,-0.5548701004860798
2091,0.02902175692935788
9665,-1.2908943014023702
14673,-0.46617072986344493
7304,-1.3331191854355733
3219,0.20892943276186787
1117,-0.3087209181664387
7161,-0.6700834946511188
11250,-0.11677642332295574
11032,-0.13075544105748332
4734,-0.35986751483658946
3647,-0.21906520591954387
7237,-0.1351154016135136
1511,-0.23589551614503063
2919,-2.2636329250214495
2836,-0.6063496785042682
14513,-1.0333041267273824
362,-1.3583736734269063
10711,-1.2894543723938863
11743,0.152118934524258
13637,-0.09032166914920009
2006,-1.1240663843033711
4086,-1.4131694154618184
7727,-0.23753611909131206
10473,-0.8441598729966083
10735,-1.4960631446717183
11384,-0.10126245932559169
8895,-1.3426547365067403
3542,-0.9092729406235615
15110,-1.1471544818756978
972,-0.0002715771822134304
424,-0.10945383625010646
5,-0.16295892165879405
10815,-0.19634932445267833
1660,-0.031248815151850347
7523,-0.4956848935959736
603,-0.1899220512984196
7118,-0.6196838931916157
3972,-1.2547706680176656
3950,-0.2062809334872166
11982,-1.212518842685024
9492,-0.07493660764674343
12353,0.09111182971020543
134,-1.7672181444046895
1500,-0.47991135882119335
708,0.06536844207068288
2207,-1.1348846273301045
2267,-1.0579684095261495
2436,-1.0182987766144673
10405,-2.5248419360993304
63,-0.33503595160226024
1396,-0.06929654793719447
9915,-0.011986097115079527
10900,-3.1165429668305316
5232,-0.7421889619706074
5433,-0.6398786620972553
7057,-0.289320291745464
754,-1.0338241176484029
7494,-0.7508613185761371
14008,-1.3100698308823506
12884,-0.20430217848996318
9404,-0.4173673705933491
15108,-0.2003893570778767
10476,-1.0253706292984883
4434,-1.9841606931565205
13324,-0.8930498080132404
52,-0.1836371587393681
5497,-0.37587067650536693
13628,-0.09119252281169093
806,-1.1535343246338765
15061,0.08221462203284108
2505,-0.1523527221558491
9633,-0.4645322577832142
7570,-0.07267639951686061
12996,-0.21875597702244914
1804,-0.4100131707070271
15558,-0.16623470352868236
920,-0.7792389111397663
11598,-0.5119404511330524
11315,-0.01839102784077323
11332,-1.0878291444657247
1425,-0.17340922521332897
11597,0.24065519703646504
4023,-0.2288985715983311
6607,0.16432945264597737
14088,0.0636891855122646
6069,-0.3033716099141041
3992,-1.227668555247585
4554,-1.217934520709316
14401,-0.28882065581063426
9499,-0.4568094031689564
4816,-0.9050689654229084
1759,0.08316907866021
12425,-0.07261166142205394
14959,-0.47932958768586315
8569,-1.469464929568569
7182,0.19668787552138173
2054,-1.3315205888626973
2308,-1.3417777137635152
1448,-0.7872511463044086
15068,-0.6755643205521503
4952,-0.7300476150391498
5254,-0.9041332321045795
2827,-0.18512913750390209
8303,-1.6743798570511739
8985,-0.054334720390836366
11133,0.07131949646492802
3153,0.21428190006037556
3281,-0.9623969511864582
7771,0.20989255441447102
9799,-0.14300090240220226
2626,-2.05886784361581
2260,-0.2832968251583973
7532,-0.9189477877495685
8002,-0.25249794291237987
2084,-0.5752962546227375
11595,-0.024745786356727247
7629,0.9319708628775677
9861,-1.311620028483669
1409,-1.06104388998727
10640,-0.22393061386326946
3326,-0.23759277330617107
15535,-0.5576857046959797
13179,-0.7065598683236042
10895,-1.6775874214051167
10756,0.03300511298795544
7759,-0.2032182531235615
11343,-0.04334797503332294
292,0.2863328440310558
15055,-0.35224393175820506
10504,-0.15254391895512737
2684,-0.5946798043129841
6535,-0.5170573310730854
11578,-0.7084064202187458
110,-0.4182223694203297
6500,-0.5446880178330341
3429,0.03539498357196652
13987,-0.5058491544602314
14427,-1.3121067600129048
8809,-0.2521485702870289
6231,-0.3976365642426411
8958,-0.383202435242931
12332,-0.2105003462908665
4397,-0.7035492377159992
2153,-0.5590076165078083
4524,-2.0719396190522112
7814,-2.5981732921479144
5040,0.29725608063956105
14385,-0.4153117852089802
3828,0.14356954230089986
11101,-0.03671768100837863
7545,-0.689042301642696
14159,-0.8728489594338337
8306,-2.4414142684815325
5607,-1.319206150042812
1746,-0.9281564073441425
2181,-0.40515858100632823
55,-0.014129711109201078
4561,-0.4164365546582142
7195,-0.21665023432950176
13117,-3.322950752246181
11484,-1.2558836059449117
14043,-0.2332020418522755
8433,-0.4589466469166676
15252,-1.010843546855251
11417,-0.20878230200986064
12270,-0.7685337381241718
197,-1.6437570171235005
6787,0.0028156169885894013
12774,-0.371072890031139
11139,-0.03862830789665378
14099,-2.103541048037807
3822,-0.5873848514435688
13776,-0.09169083999375499
3384,-1.3557637052414815
12790,-1.351024301516811
15033,-1.6810243444321553
7388,-0.3382732884762684
14731,-0.019994737374583845
1595,0.18955914510508381
11833,-0.0070876500373581695
7470,-0.6277692036507526
15499,0.776861874592503
543,-0.22867541180829204
10148,-0.35574114488343395
5062,-0.15033993290642894
6200,0.12716582251807057
9616,-0.24537412987927593
8776,-0.533391507136623
11976,-1.9310852603791158
9517,-0.2014303671000401
6805,-1.0118847207901875
1775,-0.11972621993998683
9102,0.05044159872551762
851,-1.4015009717820088
13768,-0.8949517922280231
1156,-0.08552126752118266
3886,-0.5203224139092365
8064,-0.2814546244023243
9756,-1.2566181735871236
14044,-0.14232471750954784
5775,-3.7295359687683978
12910,-2.139610918032924
5667,-1.5587876157639424
12331,-2.024124773013393
10546,-0.19057266579846538
6437,-0.4152986721871296
6190,-1.2842891530869405
4773,-1.430279524791042
413,-0.16334115134457744
5359,-0.6212604360459247
10202,-1.1677992658493916
563,-0.8217050151703754
11167,-1.2107956724045674
14973,-0.4535321311829487
9847,-2.268171937930385
148,-0.46452132033089794
4042,-0.22424620555619396
15454,-1.037648590075771
14056,0.0929894579770168
809,-0.8892939405320087
1525,-0.03902515562156833
3403,0.1353366805436214
138,-0.26448989080170787
2079,-0.7079916314957538
1615,-0.07518793808201946
2287,-0.897104771601955
10952,-0.19178754256943858
11915,0.03913511170168721
6954,-0.665973396765987
8080,-0.07729298042039073
879,-1.2914227561829488
8075,-1.8260765390274922
13155,-1.472313673960964
1462,-0.04533907564262546
4898,-0.38718804882744945
3766,-0.007485014180640345
12166,-1.458176048266689
496,0.23429307175894581
1912,-0.07312096821049846
14154,-0.9945594386933246
1608,-0.13359742032269634
4185,-0.19928316937665141
7659,-0.4544201509831349
11845,-0.02255914898494876
814,-0.37059977816323436
14122,-0.8425521569130817
12384,-0.4055485741970936
13499,-0.10864716933945812
3466,0.20943903757353627
7127,0.1445655955197414
8040,-2.2935990409729876
2359,-0.17116615341881908
3608,-0.6324717121003071
8444,-0.37115931676606334
13854,-0.19962996410111583
10120,-0.8037505464432636
6390,-0.2849748449204365
14193,-1.929438026416103
11880,-0.45237797664384044
4180,-1.3017715530274312
5020,-0.2345447854874531
15102,0.07728739662190282
3883,-0.44770443605164684
13844,-1.105177910792629
5829,-0.46139466928223766
15199,-1.613619597422878
8962,-0.12395070658902324
10944,-0.48982227014283336
1728,-1.0406714992401997
12664,-0.25903967188576854
891,-0.10764154212454952
7394,-0.8600890951035419
8521,-1.8143974857209126
5846,-0.008513581733206873
2146,-0.062083234804669984
15672,0.2769452316882213
7646,-0.6702863292572895
15144,-0.7231880740998188
11710,-0.8114584998963276
12520,-0.1839367465851704
5224,-0.47493669556359447
3655,-1.2515408115265767
4999,-0.5369046048996845
11340,0.19005822969694935
15103,-0.16372965441922344
5900,-0.567745538222591
4818,-0.39565810726861156
1023,-0.43689006732682384
14007,-0.8500876145241657
5472,-1.888440759646694
3165,-0.42507809566239513
5588,-0.40377214716653026
11339,-1.8660607652542989
15579,-0.8811429457543293
3997,-0.18266183303574718
4358,-0.6287147717354694
1263,0.17421524060984456
8079,0.049773378503521315
6208,-2.8923517780182757
6450,-1.6355772333023946
15142,-1.3458849506256978
8524,-1.0054157094834248
10074,-0.6255404667733112
3050,-0.46764502094964183
4966,-1.0748687105057637
14714,-1.1610937433121602
11387,0.14255499674101674
3335,-0.3044170157788197
13982,0.04797183184047543
11801,-0.4324176924107472
9109,-0.3702169673321644
7365,-0.41399336026887096
4507,-0.19721754060963786
3285,-0.19992561804036296
7250,-0.3077112154839436
12816,-0.06757896559218562
7873,-2.7604939060089984
5968,-0.433660598265926
4544,-0.0027562708398202705
8222,-0.019513651522795324
3958,-1.4963796453354756
1545,0.07123222781439625
13239,-0.9957853870270649
13639,-0.6477430777428547
2037,-1.4041520671723287
13842,-1.2170715646622579
13295,0.05693726448436581
2887,-1.64775362776498
9283,0.0020817352654536915
6736,-0.5054971294281879
12709,-1.351743491160671
15512,-0.9887709932206074
12134,-0.19972731338719524
1520,-0.8537173585770527
12970,-1.1162236051438252
6948,-1.3209033326981465
11084,-0.7095833735344806
10424,-0.33051258491257823
11682,-0.5502524094460407
6817,-0.1468505875943104
4009,0.08122533394118153
6800,-0.9699130372879902
9841,-0.5840573625443378
1797,-1.1532920913575093
8319,1.416327445042332
7701,-1.0336138324616353
318,-0.6282753662941852
14557,-1.4410486535904805
7348,0.1340324564101299
3831,-2.124375732409755
2072,-0.4247054772255818
10028,-1.1597513275025289
10581,-0.7435674385903278
4272,-0.46117502616624034
11816,-0.05957038866261638
7254,-1.9549814777253072
3005,-0.5047353820679584
321,0.0627041517021259
4690,-0.12276332991103328
828,-1.4403142051575581
12043,-1.3172765092728536
6161,-0.5100616531250873
15197,-0.36837303804139293
12018,-2.5289208011506
12973,-0.6287920789597431
5206,-0.055266717242995866
12465,0.10669351948519551
10892,-1.120002539622585
14514,-0.09500599073151744
6499,-1.188461692797939
8752,-0.24779825078229106
994,-0.661469014155666
5236,-0.007516336421469812
13111,-1.1798831539032857
4289,-1.3668469505188863
12935,-1.0745989398835103
7001,-0.03429657386521495
11896,-1.0825023965714375
6926,-1.0167572812912862
7078,0.5902244730116925
2602,-0.6405735330460468
2915,-1.1623509244797627
3231,-0.13009691404084361
5351,-0.593760045039455
4566,-0.964598508345882
9238,-0.08217165039757884
12415,-1.1642011718628804
5967,-0.22773364351967967
249,-0.22310899363736308
8127,0.5925382657172283
11624,-0.01632868850509322
4267,-1.927684219348232
1119,-0.7068479375718036
4233,-1.3325361328003804
3491,-0.4513451175568501
13441,-0.48175886439065135
11350,-1.2147357778427998
15112,0.23634005917330586
12378,-0.415321917998592
4072,-1.073262365329067
983,-0.770590575206081
13649,-0.16225436495522655
11672,-0.3041892664311329
6510,-0.15127089785317577
6668,-0.6929913477776447
6369,-0.3877958373902241
8546,-0.8901874737618366
6148,-0.40442252324799693
9383,-1.5948239879486958
9747,-0.1638307438967625
5774,-1.383725078570644
2417,-0.28752678798417247
8245,-0.8422791080353657
103,-0.7561807947037616
6749,-0.06901429014186061
1007,-0.3990415351269642
1995,-2.8735014514801898
13812,-0.36229923533181346
13719,-0.5454275326607624
15027,-0.43492219017724193
12772,-0.5797527150986591
4575,-0.4404073970196644
7272,-0.07728745954016841
14412,0.18146811260004841
5630,-2.006068141925136
11151,-0.7046656327126423
7785,-1.5212799625275533
11286,-0.09561483727673686
5346,-0.39330628679970897
8646,-0.3971337990639607
5439,-0.3554547147629658
12989,-1.5574554519532124
2726,-0.187219546901981
9255,-0.3286837355969349
6686,-0.24847008453587688
4349,-0.5352170781968036
2300,-1.9410897807953755
13391,-2.3336936550019183
7399,0.012134356630047197
9331,-1.0256334857819478
5438,-0.9995758252022663
12960,-1.5267571525452535
11324,-0.31009894775132335
7065,-1.6124502735016744
6433,-0.8600404577134052
3862,-0.6448202447770038
4007,0.752956537735661
14260,-0.2925521747944752
14843,-0.42481571601609386
15504,-0.5348628477929035
6894,-0.2197384701846043
12408,0.5078085346343121
5567,-0.31859833167771495
4206,-0.4584983007786671
692,-0.7445816116211811
11229,-0.618959339129726
11978,-0.16902341114262737
1350,-1.1672771291611592
6183,-2.0735317783234515
2893,-0.010376063900987272
13437,-1.3220515565750997
3362,-0.7525117711899677
11630,-1.3359846191285054
2870,-1.3047151880143086
12933,-0.04619078503827251
12051,-1.592401893603603
3560,-0.6408278660653034
11601,-0.4208210127232472
13200,-0.30100983546952403
11132,-1.167959721553127
5476,-1.124633224475185
820,-1.5638373212693135
12871,-0.3293968455670277
9832,-0.5345534996865192
12382,0.6972324533583721
7597,-0.45877620743493236
11523,-1.1291592435715596
10873,-0.37543660567979015
10982,-0.6163229064820209
304,0.26377081705351674
4256,-0.24525591896752513
597,-0.9257700161812702
5600,-1.3854655341980855
10409,-1.0870856361267964
15041,-1.2500258998749654
12735,-0.7413930611489216
3139,-0.18121224807480968
15424,-0.18488170372227825
8287,-0.7237756566880146
1318,0.040584972334106795
2380,0.09805146439095341
4556,-0.4833580272076527
13141,-0.35217547582368053
5757,-0.10716308819035686
10106,-0.15584761069993175
2721,-1.1071001605866353
5493,-0.1578839139817158
2793,-2.0697383003113665
12534,0.056159885806043974
4173,-1.0387674884674947
5317,-1.663223417269985
4010,-1.4247780160782735
3757,-1.161805541980068
11737,-0.8632649497864643
14079,-0.34264061020592845
4559,-1.6195051984665791
4937,-0.5214970426438251
12125,-0.8813004808304706
1336,-0.5934623198388019
8229,-0.05670534985045589
4406,-1.3981014804718892
3442,-0.06661949099878467
2844,-0.8380115346787372
7500,-0.40000111030320323
3606,0.581621555817326
13064,0.027920698952873583
2858,0.5469306392790875
2536,-0.6260210590241352
4618,0.03539482338448369
9797,-1.0198877172348897
6509,-0.9440695958016315
13859,-0.11030960993746913
61,-0.697369070517818
6793,-1.113384755122463
10422,0.07745258344431721
14095,-2.3253814296601214
10690,-1.3082818107483785
7966,-1.1087740974305074
6893,-1.3243077115891377
3368,-0.09522555189112819
13485,-0.14675502644757427
2119,-1.003953488337795
15461,0.01668520106097066
3651,-0.628963263499538
5487,0.06618214977999531
13486,-0.46663308309296764
9074,-0.3463937060711781
12850,-1.1175676898835103
7895,0.061249880325992934
2439,-0.40510136054734386
9356,-2.2811144904969134
10150,-0.6353366093514362
1890,-0.641481311785976
528,-0.5643860416291157
7044,-1.1929269151566426
7393,-0.7331381158707538
1476,0.11958736015578114
1443,-0.05601944940070308
15331,-1.5737337188599507
9325,-0.33901947902421153
14779,-0.822719903456966
5047,-1.025248916613857
784,-1.1253093795655171
3486,-1.3746362047074239
3370,-1.5419287996170918
12446,-0.47615257071236766
7880,0.06946407092829548
10591,-0.4523918645260731
1651,-0.23594117330292858
7438,-0.1509959267256657
12267,-1.1954154090760152
10713,0.0025218648100396347
5642,-0.2761080877659718
15668,-0.05869898365716136
9692,-1.0459887103913228
5801,-1.2109266834137837
12826,-1.2416735010025899
15495,-1.7595190124390523
3908,-0.5876750664589802
5129,-0.8130229430077472
14025,-1.836180837619106
2004,-0.15302720831612743
13874,-1.1222497539399068
14764,-0.4344613270638386
7396,-0.20996114777306712
6453,-0.5446358637688556
8119,0.0607326163174709
1789,-0.1608310507414738
13322,-0.48643028901795543
2098,0.42430952025671803
7462,-0.2735418991921345
482,-0.4942880885479847
4599,-1.036129863726894
14051,-0.3916842059967915
7560,-0.998311133849422
5060,-1.6962815837738912
6844,0.015995774623950357
10256,-0.8942553715584675
1542,-1.6035846786377828
587,-1.094277294146816
3273,-0.13049811290482677
8153,0.0665563775422176
4339,-0.7366569356797138
4799,-0.20502869950513042
7341,-0.8758330659745136
7694,-0.30962515043000377
3182,-2.1805242614624896
9235,0.035820720923145644
7456,-0.2543763832924763
9676,-2.2217656688568987
13455,-0.36881089376191295
5102,-2.963791759478847
3776,0.05255169628282391
8581,-0.6772089915154377
12706,-0.23041130768040813
3010,-0.06714399324635661
2027,-0.33788186477402843
10505,-1.2565507011292378
5647,-0.6457242684243122
10570,-0.2537798302052418
1111,0.09065934849997365
15089,-0.3682641403553883
0,-0.06732291893939174
14604,-1.7327657060501973
3598,-2.737004430758754
13974,-0.9043667631028095
4178,-0.6641862707016865
12615,-0.5596162395356098
15600,-1.9399580078003804
2791,-0.5966113524315754
12916,-0.2204171137688557
14358,-0.2440069781420628
4578,-0.3385377542851368
10727,-1.9884068088410298
1419,-0.7570422010300556
2240,-0.14489859508256114
8354,-0.2986870126603047
12162,-1.5369425134537618
1713,0.07414154542704426
6234,-0.9587735252259174
1276,-0.1706346737025181
8502,-2.8506356792328753
2071,-0.4740108566162983
7580,-1.4523480253098409
6602,-0.39490366147736705
8347,-0.7062607722161213
8897,-0.09654462503174938
9580,-0.558608563411037
2165,-0.25195498930195964
8938,-0.004803553949097757
2802,-0.008784084375003939
11065,0.1848602129342159
4832,-0.41123998330811656
8683,-0.09264396296719707
1531,-0.17655782567242778
7512,-0.5930760221360126
12967,-0.44852546023110546
7389,-0.08626535700539745
2586,-0.5709095911858478
11869,-0.08299615399817623
2405,0.012763995883067484
6027,-1.1085336522934834
1606,-0.7662121968148151
11846,-1.3327179269669454
7832,-0.5434361414788166
5935,-1.2883555011628072
1067,-1.2472393827317159
3504,-0.8471490459320942
1763,-0.8261406140206257
7413,-0.3250267522213856
2053,0.20359419120570027
15084,-0.021927956285874014
10363,0.20335154069681965
2391,-1.0785743312714497
11177,-0.5516962723610798
2900,-2.852991493212978
5059,-1.1746960000870625
1992,-0.8767931775925556
11561,-0.1594749705670277
8512,-1.0240966396210591
4513,-2.4846099929688372
5252,-0.25025713609437145
16,-0.8453916625855366
9270,-0.016978352124790316
15065,0.2251492275120815
13289,0.08044420017023884
467,-0.07984469996670879
1235,-1.1187647895691792
1631,-0.5500485615609089
11697,-1.7160185890076558
3559,-0.18897305594662822
3205,0.0363890363099178
334,-1.3628145770905415
7190,-0.5872009711144367
158,-0.6303980069039264
14320,-0.23102699385861553
14175,-0.2728399948952595
10602,-1.9167408065674703
3703,-1.438771398532192
2178,-0.4102352278111378
2047,-0.19176431165913738
5657,-1.38239136503915
4827,-2.063504846560756
7164,-0.13038750158528484
7989,-0.014734478461543684
11600,-0.5943304018853107
265,-1.4559297876236836
10223,0.013355965000589724
9143,-0.924942644107143
3401,-1.452466876971523
8132,-0.0904674621103207
8902,-0.6814776973603168
12109,-1.7270315008042256
7209,0.252370713484486
5727,-0.33990982340554393
15107,-0.3525146262524525
6439,-1.0889376716492574
2427,-0.7793335633156696
2387,-1.2903988675949971
10472,-0.4029175953743855
15444,0.25074705315848195
2623,-0.8371212200997272
5772,-1.5509803609726827
4944,-0.8204760866043964
4906,-0.5550751404641071
14986,-0.08936718271950878
8710,0.14722375406046712
6604,0.009447606486280794
13310,-0.9487734751580158
6281,-0.759694190490047
6832,-0.7653845863221088
724,-1.1893744783280293
12807,-0.11506470458487666
2297,-0.9272621588585773
259,-0.6999414877770344
6713,-0.8547128157494465
1814,-1.4715962724564473
2103,0.23186924887915455
14535,-1.5812511758683125
6709,-0.1863948421357075
729,-0.3021812455532948
5823,-1.4923214034912984
7655,0.13886913491507374
4044,-1.5479418353913228
11045,-0.10113622413853801
10600,-0.22526969181279338
14138,0.614500669968327
13,-0.41823968456963695
8355,-0.4798637943146626
6207,-1.9286279992936055
6718,-1.3248318748352925
13857,-0.058701133149663576
14841,-0.7077105955956379
8625,0.08231961561461293
2526,-0.3544323758957783
892,-1.1481099443314473
7769,-0.5120082812188068
10165,-1.3923380689499776
9477,-0.5757190899727741
6622,-0.22504930363873638
11865,-1.0765048580048482
13131,-0.8836247043488422
15136,-0.02479816393832362
8285,-0.043764041530887254
393,-0.046691210734645494
1494,-0.6063359098313251
10213,-1.2674393968460957
11094,-1.4147191362259786
6739,-0.11324669586400188
4436,-1.3036483840821187
8925,-1.9242084340927998
9970,-0.7306174950478473
4098,-0.12974347339848674
11910,0.13934264911433064
2761,-0.3314856605408589
4830,0.025567356702884073
1031,-1.8559292869446675
8268,-0.26632750200013316
2025,-0.6324561552880207
11380,-0.19394105838517345
8030,-0.6466979102967182
4134,-0.39460382031182445
8833,-0.05918041037301219
5836,-0.4459887163517872
12864,-0.5130770521042743
3636,-0.3043375627873341
13625,-0.22431115971783794
8973,-0.7593867497322956
13496,-0.8151430206177631
11905,-0.41224685476998485
2489,-0.2531777636883656
7967,-0.1232099177120129
14630,-1.392644436824123
14892,-1.2479807453034322
14502,-0.1779090033648411
6847,-0.30213308500031627
2714,-0.15833573209027446
3915,-0.6418049650071064
1212,-0.39401045607308544
6007,-0.4457165317414204
9567,-0.0900058017847935
36,-0.23838305639008678
11975,0.07525374574681126
10459,-0.40318456457833446
7334,-0.18316225873212016
15085,-1.1918264942047994
2105,-0.42859557436684764
1884,-0.26017141507844127
8352,-1.0777376012680928
5806,-0.20179297195653118
12167,-0.8111973123429218
15015,-0.17715665863732494
10146,-0.08088731186370052
394,-0.08487566726187862
12041,-0.6050404624817768
10670,-1.3167872743485372
4576,-0.43028545545319713
13611,-1.3930667953370015
12764,-1.1465496139405171
11936,-0.8642765002129474
5992,-1.2796440439103047
624,-1.1379674987671773
215,-0.300861241090099
13528,-1.4427714662430684
13679,-0.34304222630242504
13081,0.1318490041615566
11928,-0.036715427207748064
10528,-0.43719110058526195
4497,-0.04358433352688945
11431,-1.5182365493653218
275,-0.2599264399884144
7005,-0.017646756748656397
7780,-0.6905306296227375
7843,0.18388731611986958
10579,-0.5208133773682514
14524,-0.05643265115002788
1356,-0.5195468382714191
12444,-0.07208947257975734
14672,-0.32127612994889415
2491,0.21503950489779317
12947,-1.1374135331986348
6540,-1.0965059118149678
13467,-0.39659524129609264
5908,-1.4331121759293477
4699,-0.23260151015500224
14244,-0.04642081798891223
3540,0.028648151290615435
2610,-0.12276289777735866
14827,-0.4691032187817494
5970,-0.19016941057423747
1974,-0.9647718386528888
12131,-1.3339871482727925
7043,-1.6884329633591573
11046,-0.8680426196930805
9018,-0.9472943262932697
14288,-1.0067177133438985
6093,-0.0220385582921902
6321,-0.13510711656788982
4929,-0.1617225872157017
3166,-0.8808920698044697
12847,-1.6782024221299092
8166,-1.8462868051407735
11620,-0.36024540828446544
14300,-0.1627509759543339
10124,-1.1863485889313619
